0 verbose cli /Users/emmanuellegrottaglie/.nvm/versions/node/v20.20.0/bin/node /Users/emmanuellegrottaglie/.nvm/versions/node/v20.20.0/bin/npm
1 info using npm@10.8.2
2 info using node@v20.20.0
3 silly config load:file:/Users/emmanuellegrottaglie/.nvm/versions/node/v20.20.0/lib/node_modules/npm/npmrc
4 silly config load:file:/Users/emmanuellegrottaglie/whatsapp-hours-saas/web/.npmrc
5 silly config load:file:/Users/emmanuellegrottaglie/.npmrc
6 silly config load:file:/Users/emmanuellegrottaglie/.nvm/versions/node/v20.20.0/etc/npmrc
7 verbose title npm install
8 verbose argv "install" "--cache" "/Users/emmanuellegrottaglie/whatsapp-hours-saas/.npm-cache"
9 verbose logfile logs-max:10 dir:/Users/emmanuellegrottaglie/whatsapp-hours-saas/.npm-cache/_logs/2026-03-06T07_42_59_035Z-
10 verbose logfile /Users/emmanuellegrottaglie/whatsapp-hours-saas/.npm-cache/_logs/2026-03-06T07_42_59_035Z-debug-0.log
11 silly packumentCache heap:4345298944 maxSize:1086324736 maxEntrySize:543162368
12 silly logfile done cleaning log files
13 silly idealTree buildDeps
14 silly fetch manifest react@^19.2.0
15 silly packumentCache full:https://registry.npmjs.org/react cache-miss
16 http fetch GET 200 https://registry.npmjs.org/react 387ms (cache miss)
17 silly packumentCache full:https://registry.npmjs.org/react set size:undefined disposed:false
18 silly fetch manifest react-dom@^19.2.0
19 silly packumentCache full:https://registry.npmjs.org/react-dom cache-miss
20 http fetch GET 200 https://registry.npmjs.org/react-dom 208ms (cache miss)
21 silly packumentCache full:https://registry.npmjs.org/react-dom set size:undefined disposed:false
22 silly fetch manifest @eslint/js@^9.39.1
23 silly packumentCache full:https://registry.npmjs.org/@eslint%2fjs cache-miss
24 http fetch GET 200 https://registry.npmjs.org/@eslint%2fjs 76ms (cache miss)
25 silly packumentCache full:https://registry.npmjs.org/@eslint%2fjs set size:undefined disposed:false
26 silly fetch manifest @types/node@^24.10.1
27 silly packumentCache full:https://registry.npmjs.org/@types%2fnode cache-miss
28 http fetch GET 200 https://registry.npmjs.org/@types%2fnode 274ms (cache miss)
29 silly packumentCache full:https://registry.npmjs.org/@types%2fnode set size:undefined disposed:false
30 silly fetch manifest @types/react@^19.2.7
31 silly packumentCache full:https://registry.npmjs.org/@types%2freact cache-miss
32 http fetch GET 200 https://registry.npmjs.org/@types%2freact 117ms (cache miss)
33 silly packumentCache full:https://registry.npmjs.org/@types%2freact set size:undefined disposed:false
34 silly fetch manifest @types/react-dom@^19.2.3
35 silly packumentCache full:https://registry.npmjs.org/@types%2freact-dom cache-miss
36 http fetch GET 200 https://registry.npmjs.org/@types%2freact-dom 158ms (cache miss)
37 silly packumentCache full:https://registry.npmjs.org/@types%2freact-dom set size:undefined disposed:false
38 silly fetch manifest @vitejs/plugin-react@^5.1.1
39 silly packumentCache full:https://registry.npmjs.org/@vitejs%2fplugin-react cache-miss
40 http fetch GET 200 https://registry.npmjs.org/@vitejs%2fplugin-react 83ms (cache miss)
41 silly packumentCache full:https://registry.npmjs.org/@vitejs%2fplugin-react set size:undefined disposed:false
42 silly fetch manifest vite@^7.3.1
43 silly packumentCache full:https://registry.npmjs.org/vite cache-miss
44 http fetch GET 200 https://registry.npmjs.org/vite 1038ms (cache miss)
45 silly packumentCache full:https://registry.npmjs.org/vite set size:undefined disposed:false
46 silly fetch manifest jiti@>=1.21.0
47 silly packumentCache full:https://registry.npmjs.org/jiti cache-miss
48 http fetch GET 200 https://registry.npmjs.org/jiti 285ms (cache miss)
49 silly packumentCache full:https://registry.npmjs.org/jiti set size:undefined disposed:false
50 silly fetch manifest less@^4.0.0
51 silly packumentCache full:https://registry.npmjs.org/less cache-miss
52 http fetch GET 200 https://registry.npmjs.org/less 335ms (cache miss)
53 silly packumentCache full:https://registry.npmjs.org/less set size:undefined disposed:false
54 silly fetch manifest lightningcss@^1.21.0
55 silly packumentCache full:https://registry.npmjs.org/lightningcss cache-miss
56 http fetch GET 200 https://registry.npmjs.org/lightningcss 304ms (cache miss)
57 silly packumentCache full:https://registry.npmjs.org/lightningcss set size:undefined disposed:false
58 silly fetch manifest sass@^1.70.0
59 silly packumentCache full:https://registry.npmjs.org/sass cache-miss
60 http fetch GET 200 https://registry.npmjs.org/sass 286ms (cache miss)
61 silly packumentCache full:https://registry.npmjs.org/sass set size:undefined disposed:false
62 silly fetch manifest sass-embedded@^1.70.0
63 silly packumentCache full:https://registry.npmjs.org/sass-embedded cache-miss
64 http fetch GET 200 https://registry.npmjs.org/sass-embedded 283ms (cache miss)
65 silly packumentCache full:https://registry.npmjs.org/sass-embedded set size:undefined disposed:false
66 silly fetch manifest stylus@>=0.54.8
67 silly packumentCache full:https://registry.npmjs.org/stylus cache-miss
68 http fetch GET 200 https://registry.npmjs.org/stylus 307ms (cache miss)
69 silly packumentCache full:https://registry.npmjs.org/stylus set size:undefined disposed:false
70 silly fetch manifest sugarss@^5.0.0
71 silly packumentCache full:https://registry.npmjs.org/sugarss cache-miss
72 http fetch GET 200 https://registry.npmjs.org/sugarss 280ms (cache miss)
73 silly packumentCache full:https://registry.npmjs.org/sugarss set size:undefined disposed:false
74 silly fetch manifest postcss@^8.3.3
75 silly packumentCache full:https://registry.npmjs.org/postcss cache-miss
76 http fetch GET 200 https://registry.npmjs.org/postcss 308ms (cache miss)
77 silly packumentCache full:https://registry.npmjs.org/postcss set size:undefined disposed:false
78 silly fetch manifest terser@^5.16.0
79 silly packumentCache full:https://registry.npmjs.org/terser cache-miss
80 http fetch GET 200 https://registry.npmjs.org/terser 310ms (cache miss)
81 silly packumentCache full:https://registry.npmjs.org/terser set size:undefined disposed:false
82 silly fetch manifest tsx@^4.8.1
83 silly packumentCache full:https://registry.npmjs.org/tsx cache-miss
84 http fetch GET 200 https://registry.npmjs.org/tsx 277ms (cache miss)
85 silly packumentCache full:https://registry.npmjs.org/tsx set size:undefined disposed:false
86 silly fetch manifest yaml@^2.4.2
87 silly packumentCache full:https://registry.npmjs.org/yaml cache-miss
88 http fetch GET 200 https://registry.npmjs.org/yaml 287ms (cache miss)
89 silly packumentCache full:https://registry.npmjs.org/yaml set size:undefined disposed:false
90 silly fetch manifest eslint@^9.39.1
91 silly packumentCache full:https://registry.npmjs.org/eslint cache-miss
92 http fetch GET 200 https://registry.npmjs.org/eslint 104ms (cache miss)
93 silly packumentCache full:https://registry.npmjs.org/eslint set size:undefined disposed:false
94 silly fetch manifest jiti@*
95 silly packumentCache full:https://registry.npmjs.org/jiti cache-miss
96 http fetch GET 200 https://registry.npmjs.org/jiti 5ms (cache hit)
97 silly packumentCache full:https://registry.npmjs.org/jiti set size:382310 disposed:false
98 silly fetch manifest eslint-plugin-react-hooks@^7.0.1
99 silly packumentCache full:https://registry.npmjs.org/eslint-plugin-react-hooks cache-miss
100 http fetch GET 200 https://registry.npmjs.org/eslint-plugin-react-hooks 187ms (cache miss)
101 silly packumentCache full:https://registry.npmjs.org/eslint-plugin-react-hooks set size:undefined disposed:false
102 silly fetch manifest eslint-plugin-react-refresh@^0.4.24
103 silly packumentCache full:https://registry.npmjs.org/eslint-plugin-react-refresh cache-miss
104 http fetch GET 200 https://registry.npmjs.org/eslint-plugin-react-refresh 59ms (cache miss)
105 silly packumentCache full:https://registry.npmjs.org/eslint-plugin-react-refresh set size:undefined disposed:false
106 silly fetch manifest globals@^16.5.0
107 silly packumentCache full:https://registry.npmjs.org/globals cache-miss
108 http fetch GET 200 https://registry.npmjs.org/globals 60ms (cache miss)
109 silly packumentCache full:https://registry.npmjs.org/globals set size:undefined disposed:false
110 silly fetch manifest typescript@~5.9.3
111 silly packumentCache full:https://registry.npmjs.org/typescript cache-miss
112 http fetch GET 200 https://registry.npmjs.org/typescript 257ms (cache miss)
113 silly packumentCache full:https://registry.npmjs.org/typescript set size:undefined disposed:false
114 silly fetch manifest typescript-eslint@^8.48.0
115 silly packumentCache full:https://registry.npmjs.org/typescript-eslint cache-miss
116 http fetch GET 200 https://registry.npmjs.org/typescript-eslint 104ms (cache miss)
117 silly packumentCache full:https://registry.npmjs.org/typescript-eslint set size:undefined disposed:false
118 silly placeDep ROOT @eslint/js@9.39.3 OK for: web@0.0.0 want: ^9.39.1
119 silly placeDep ROOT @types/node@24.12.0 OK for: web@0.0.0 want: ^24.10.1
120 silly placeDep ROOT @types/react@19.2.14 OK for: web@0.0.0 want: ^19.2.7
121 silly placeDep ROOT @types/react-dom@19.2.3 OK for: web@0.0.0 want: ^19.2.3
122 silly placeDep ROOT @vitejs/plugin-react@5.1.4 OK for: web@0.0.0 want: ^5.1.1
123 silly placeDep ROOT vite@7.3.1 OK for: @vitejs/plugin-react@5.1.4 want: ^4.2.0 || ^5.0.0 || ^6.0.0 || ^7.0.0
124 silly placeDep ROOT eslint@9.39.3 OK for: web@0.0.0 want: ^9.39.1
125 silly placeDep ROOT eslint-plugin-react-hooks@7.0.1 OK for: web@0.0.0 want: ^7.0.1
126 silly placeDep ROOT eslint-plugin-react-refresh@0.4.26 OK for: web@0.0.0 want: ^0.4.24
127 silly placeDep ROOT globals@16.5.0 OK for: web@0.0.0 want: ^16.5.0
128 silly placeDep ROOT react@19.2.4 OK for: web@0.0.0 want: ^19.2.0
129 silly placeDep ROOT react-dom@19.2.4 OK for: web@0.0.0 want: ^19.2.0
130 silly placeDep ROOT typescript@5.9.3 OK for: web@0.0.0 want: ~5.9.3
131 silly placeDep ROOT typescript-eslint@8.56.1 OK for: web@0.0.0 want: ^8.48.0
132 silly fetch manifest undici-types@~7.16.0
133 silly packumentCache full:https://registry.npmjs.org/undici-types cache-miss
134 silly fetch manifest csstype@^3.2.2
135 silly packumentCache full:https://registry.npmjs.org/csstype cache-miss
136 silly fetch manifest @babel/core@^7.29.0
137 silly packumentCache full:https://registry.npmjs.org/@babel%2fcore cache-miss
138 silly fetch manifest react-refresh@^0.18.0
139 silly packumentCache full:https://registry.npmjs.org/react-refresh cache-miss
140 silly fetch manifest @types/babel__core@^7.20.5
141 silly packumentCache full:https://registry.npmjs.org/@types%2fbabel__core cache-miss
142 silly fetch manifest @rolldown/pluginutils@1.0.0-rc.3
143 silly packumentCache full:https://registry.npmjs.org/@rolldown%2fpluginutils cache-miss
144 silly fetch manifest @babel/plugin-transform-react-jsx-self@^7.27.1
145 silly packumentCache full:https://registry.npmjs.org/@babel%2fplugin-transform-react-jsx-self cache-miss
146 http fetch GET 200 https://registry.npmjs.org/undici-types 54ms (cache miss)
147 silly packumentCache full:https://registry.npmjs.org/undici-types set size:undefined disposed:false
148 silly fetch manifest @babel/plugin-transform-react-jsx-source@^7.27.1
149 silly packumentCache full:https://registry.npmjs.org/@babel%2fplugin-transform-react-jsx-source cache-miss
150 http fetch GET 200 https://registry.npmjs.org/csstype 207ms (cache miss)
151 silly packumentCache full:https://registry.npmjs.org/csstype set size:undefined disposed:false
152 silly fetch manifest fdir@^6.5.0
153 silly packumentCache full:https://registry.npmjs.org/fdir cache-miss
154 http fetch GET 200 https://registry.npmjs.org/@babel%2fcore 473ms (cache miss)
155 silly packumentCache full:https://registry.npmjs.org/@babel%2fcore set size:undefined disposed:false
156 silly fetch manifest rollup@^4.43.0
157 silly packumentCache full:https://registry.npmjs.org/rollup cache-miss
158 http fetch GET 200 https://registry.npmjs.org/fdir 290ms (cache miss)
159 silly packumentCache full:https://registry.npmjs.org/fdir set size:undefined disposed:false
160 silly fetch manifest esbuild@^0.27.0
161 silly packumentCache full:https://registry.npmjs.org/esbuild cache-miss
162 http fetch GET 200 https://registry.npmjs.org/@babel%2fplugin-transform-react-jsx-source 509ms (cache miss)
163 silly packumentCache full:https://registry.npmjs.org/@babel%2fplugin-transform-react-jsx-source set size:undefined disposed:false
164 silly fetch manifest postcss@^8.5.6
165 silly packumentCache full:https://registry.npmjs.org/postcss cache-miss
166 http fetch GET 200 https://registry.npmjs.org/postcss 3ms (cache hit)
167 silly packumentCache full:https://registry.npmjs.org/postcss set size:702266 disposed:false
168 silly fetch manifest picomatch@^4.0.3
169 silly packumentCache full:https://registry.npmjs.org/picomatch cache-miss
170 http fetch GET 200 https://registry.npmjs.org/@types%2fbabel__core 640ms (cache miss)
171 silly packumentCache full:https://registry.npmjs.org/@types%2fbabel__core set size:undefined disposed:false
172 silly fetch manifest tinyglobby@^0.2.15
173 silly packumentCache full:https://registry.npmjs.org/tinyglobby cache-miss
174 http fetch GET 200 https://registry.npmjs.org/react-refresh 644ms (cache miss)
175 silly packumentCache full:https://registry.npmjs.org/react-refresh set size:undefined disposed:false
176 silly fetch manifest fsevents@~2.3.3
177 silly packumentCache full:https://registry.npmjs.org/fsevents cache-miss
178 http fetch GET 200 https://registry.npmjs.org/@babel%2fplugin-transform-react-jsx-self 682ms (cache miss)
179 silly packumentCache full:https://registry.npmjs.org/@babel%2fplugin-transform-react-jsx-self set size:undefined disposed:false
180 silly fetch manifest ajv@^6.12.4
181 silly packumentCache full:https://registry.npmjs.org/ajv cache-miss
182 http fetch GET 200 https://registry.npmjs.org/fsevents 100ms (cache miss)
183 silly packumentCache full:https://registry.npmjs.org/fsevents set size:undefined disposed:false
184 silly fetch manifest chalk@^4.0.0
185 silly packumentCache full:https://registry.npmjs.org/chalk cache-miss
186 http fetch GET 200 https://registry.npmjs.org/picomatch 268ms (cache miss)
187 silly packumentCache full:https://registry.npmjs.org/picomatch set size:undefined disposed:false
188 silly fetch manifest debug@^4.3.2
189 silly packumentCache full:https://registry.npmjs.org/debug cache-miss
190 http fetch GET 200 https://registry.npmjs.org/rollup 371ms (cache miss)
191 silly packumentCache full:https://registry.npmjs.org/rollup set size:undefined disposed:false
192 silly fetch manifest espree@^10.4.0
193 silly packumentCache full:https://registry.npmjs.org/espree cache-miss
194 http fetch GET 200 https://registry.npmjs.org/esbuild 382ms (cache miss)
195 silly packumentCache full:https://registry.npmjs.org/esbuild set size:undefined disposed:false
196 silly fetch manifest ignore@^5.2.0
197 silly packumentCache full:https://registry.npmjs.org/ignore cache-miss
198 http fetch GET 200 https://registry.npmjs.org/tinyglobby 268ms (cache miss)
199 silly packumentCache full:https://registry.npmjs.org/tinyglobby set size:undefined disposed:false
200 silly fetch manifest esquery@^1.5.0
201 silly packumentCache full:https://registry.npmjs.org/esquery cache-miss
202 http fetch GET 200 https://registry.npmjs.org/@rolldown%2fpluginutils 932ms (cache miss)
203 silly packumentCache full:https://registry.npmjs.org/@rolldown%2fpluginutils set size:undefined disposed:false
204 silly fetch manifest esutils@^2.0.2
205 silly packumentCache full:https://registry.npmjs.org/esutils cache-miss
206 http fetch GET 200 https://registry.npmjs.org/ajv 297ms (cache miss)
207 silly packumentCache full:https://registry.npmjs.org/ajv set size:undefined disposed:false
208 silly fetch manifest find-up@^5.0.0
209 silly packumentCache full:https://registry.npmjs.org/find-up cache-miss
210 http fetch GET 200 https://registry.npmjs.org/chalk 286ms (cache miss)
211 silly packumentCache full:https://registry.npmjs.org/chalk set size:undefined disposed:false
212 silly fetch manifest is-glob@^4.0.0
213 silly packumentCache full:https://registry.npmjs.org/is-glob cache-miss
214 http fetch GET 200 https://registry.npmjs.org/find-up 76ms (cache miss)
215 silly packumentCache full:https://registry.npmjs.org/find-up set size:undefined disposed:false
216 silly fetch manifest minimatch@^3.1.2
217 silly packumentCache full:https://registry.npmjs.org/minimatch cache-miss
218 http fetch GET 200 https://registry.npmjs.org/debug 285ms (cache miss)
219 silly packumentCache full:https://registry.npmjs.org/debug set size:undefined disposed:false
220 silly fetch manifest optionator@^0.9.3
221 silly packumentCache full:https://registry.npmjs.org/optionator cache-miss
222 http fetch GET 200 https://registry.npmjs.org/minimatch 73ms (cache miss)
223 silly packumentCache full:https://registry.npmjs.org/minimatch set size:undefined disposed:false
224 silly fetch manifest cross-spawn@^7.0.6
225 silly packumentCache full:https://registry.npmjs.org/cross-spawn cache-miss
226 http fetch GET 200 https://registry.npmjs.org/ignore 277ms (cache miss)
227 silly packumentCache full:https://registry.npmjs.org/ignore set size:undefined disposed:false
228 silly fetch manifest glob-parent@^6.0.2
229 silly packumentCache full:https://registry.npmjs.org/glob-parent cache-miss
230 http fetch GET 200 https://registry.npmjs.org/espree 292ms (cache miss)
231 silly packumentCache full:https://registry.npmjs.org/espree set size:undefined disposed:false
232 silly fetch manifest imurmurhash@^0.1.4
233 silly packumentCache full:https://registry.npmjs.org/imurmurhash cache-miss
234 http fetch GET 200 https://registry.npmjs.org/optionator 58ms (cache miss)
235 silly packumentCache full:https://registry.npmjs.org/optionator set size:undefined disposed:false
236 silly fetch manifest @eslint/core@^0.17.0
237 silly packumentCache full:https://registry.npmjs.org/@eslint%2fcore cache-miss
238 http fetch GET 200 https://registry.npmjs.org/esutils 279ms (cache miss)
239 silly packumentCache full:https://registry.npmjs.org/esutils set size:undefined disposed:false
240 silly fetch manifest eslint-scope@^8.4.0
241 silly packumentCache full:https://registry.npmjs.org/eslint-scope cache-miss
242 http fetch GET 200 https://registry.npmjs.org/glob-parent 54ms (cache miss)
243 silly packumentCache full:https://registry.npmjs.org/glob-parent set size:undefined disposed:false
244 silly fetch manifest lodash.merge@^4.6.2
245 silly packumentCache full:https://registry.npmjs.org/lodash.merge cache-miss
246 http fetch GET 200 https://registry.npmjs.org/esquery 329ms (cache miss)
247 silly packumentCache full:https://registry.npmjs.org/esquery set size:undefined disposed:false
248 silly fetch manifest @humanfs/node@^0.16.6
249 silly packumentCache full:https://registry.npmjs.org/@humanfs%2fnode cache-miss
250 http fetch GET 200 https://registry.npmjs.org/is-glob 279ms (cache miss)
251 silly packumentCache full:https://registry.npmjs.org/is-glob set size:undefined disposed:false
252 silly fetch manifest @types/estree@^1.0.6
253 silly packumentCache full:https://registry.npmjs.org/@types%2festree cache-miss
254 http fetch GET 200 https://registry.npmjs.org/cross-spawn 289ms (cache miss)
255 silly packumentCache full:https://registry.npmjs.org/cross-spawn set size:undefined disposed:false
256 silly fetch manifest fast-deep-equal@^3.1.3
257 silly packumentCache full:https://registry.npmjs.org/fast-deep-equal cache-miss
258 http fetch GET 200 https://registry.npmjs.org/imurmurhash 280ms (cache miss)
259 silly packumentCache full:https://registry.npmjs.org/imurmurhash set size:undefined disposed:false
260 silly fetch manifest natural-compare@^1.4.0
261 silly packumentCache full:https://registry.npmjs.org/natural-compare cache-miss
262 http fetch GET 200 https://registry.npmjs.org/eslint-scope 278ms (cache miss)
263 silly packumentCache full:https://registry.npmjs.org/eslint-scope set size:undefined disposed:false
264 silly fetch manifest @eslint/eslintrc@^3.3.1
265 silly packumentCache full:https://registry.npmjs.org/@eslint%2feslintrc cache-miss
266 http fetch GET 200 https://registry.npmjs.org/fast-deep-equal 79ms (cache miss)
267 silly packumentCache full:https://registry.npmjs.org/fast-deep-equal set size:undefined disposed:false
268 silly fetch manifest file-entry-cache@^8.0.0
269 silly packumentCache full:https://registry.npmjs.org/file-entry-cache cache-miss
270 http fetch GET 200 https://registry.npmjs.org/lodash.merge 293ms (cache miss)
271 silly packumentCache full:https://registry.npmjs.org/lodash.merge set size:undefined disposed:false
272 silly fetch manifest @eslint/plugin-kit@^0.4.1
273 silly packumentCache full:https://registry.npmjs.org/@eslint%2fplugin-kit cache-miss
274 http fetch GET 200 https://registry.npmjs.org/file-entry-cache 62ms (cache miss)
275 silly packumentCache full:https://registry.npmjs.org/file-entry-cache set size:undefined disposed:false
276 silly fetch manifest eslint-visitor-keys@^4.2.1
277 silly packumentCache full:https://registry.npmjs.org/eslint-visitor-keys cache-miss
278 http fetch GET 200 https://registry.npmjs.org/natural-compare 296ms (cache miss)
279 silly packumentCache full:https://registry.npmjs.org/natural-compare set size:undefined disposed:false
280 silly fetch manifest @eslint/config-array@^0.21.1
281 silly packumentCache full:https://registry.npmjs.org/@eslint%2fconfig-array cache-miss
282 http fetch GET 200 https://registry.npmjs.org/eslint-visitor-keys 300ms (cache miss)
283 silly packumentCache full:https://registry.npmjs.org/eslint-visitor-keys set size:undefined disposed:false
284 silly fetch manifest @humanwhocodes/retry@^0.4.2
285 silly packumentCache full:https://registry.npmjs.org/@humanwhocodes%2fretry cache-miss
286 http fetch GET 200 https://registry.npmjs.org/@eslint%2fcore 733ms (cache miss)
287 silly packumentCache full:https://registry.npmjs.org/@eslint%2fcore set size:undefined disposed:false
288 silly fetch manifest escape-string-regexp@^4.0.0
289 silly packumentCache full:https://registry.npmjs.org/escape-string-regexp cache-miss
290 http fetch GET 200 https://registry.npmjs.org/@eslint%2feslintrc 501ms (cache miss)
291 silly packumentCache full:https://registry.npmjs.org/@eslint%2feslintrc set size:undefined disposed:false
292 silly fetch manifest @eslint/config-helpers@^0.4.2
293 silly packumentCache full:https://registry.npmjs.org/@eslint%2fconfig-helpers cache-miss
294 http fetch GET 200 https://registry.npmjs.org/@types%2festree 731ms (cache miss)
295 silly packumentCache full:https://registry.npmjs.org/@types%2festree set size:undefined disposed:false
296 silly fetch manifest @eslint-community/regexpp@^4.12.1
297 silly packumentCache full:https://registry.npmjs.org/@eslint-community%2fregexpp cache-miss
298 http fetch GET 200 https://registry.npmjs.org/@humanfs%2fnode 1115ms (cache miss)
299 silly packumentCache full:https://registry.npmjs.org/@humanfs%2fnode set size:undefined disposed:false
300 silly fetch manifest @eslint-community/eslint-utils@^4.8.0
301 silly packumentCache full:https://registry.npmjs.org/@eslint-community%2feslint-utils cache-miss
302 http fetch GET 200 https://registry.npmjs.org/@humanwhocodes%2fretry 686ms (cache miss)
303 silly packumentCache full:https://registry.npmjs.org/@humanwhocodes%2fretry set size:undefined disposed:false
304 silly fetch manifest @humanwhocodes/module-importer@^1.0.1
305 silly packumentCache full:https://registry.npmjs.org/@humanwhocodes%2fmodule-importer cache-miss
306 http fetch GET 200 https://registry.npmjs.org/escape-string-regexp 714ms (cache miss)
307 silly packumentCache full:https://registry.npmjs.org/escape-string-regexp set size:undefined disposed:false
308 silly fetch manifest json-stable-stringify-without-jsonify@^1.0.1
309 silly packumentCache full:https://registry.npmjs.org/json-stable-stringify-without-jsonify cache-miss
310 http fetch GET 200 https://registry.npmjs.org/@eslint%2fplugin-kit 1155ms (cache miss)
311 silly packumentCache full:https://registry.npmjs.org/@eslint%2fplugin-kit set size:undefined disposed:false
312 silly fetch manifest zod@^3.25.0 || ^4.0.0
313 silly packumentCache full:https://registry.npmjs.org/zod cache-miss
314 http fetch GET 200 https://registry.npmjs.org/@eslint%2fconfig-helpers 692ms (cache miss)
315 silly packumentCache full:https://registry.npmjs.org/@eslint%2fconfig-helpers set size:undefined disposed:false
316 silly fetch manifest @babel/core@^7.24.4
317 silly packumentCache full:https://registry.npmjs.org/@babel%2fcore cache-miss
318 http fetch GET 200 https://registry.npmjs.org/@babel%2fcore 3ms (cache hit)
319 silly packumentCache full:https://registry.npmjs.org/@babel%2fcore set size:756140 disposed:false
320 silly fetch manifest @babel/parser@^7.24.4
321 silly packumentCache full:https://registry.npmjs.org/@babel%2fparser cache-miss
322 http fetch GET 200 https://registry.npmjs.org/zod 100ms (cache miss)
323 silly packumentCache full:https://registry.npmjs.org/zod set size:undefined disposed:false
324 silly fetch manifest hermes-parser@^0.25.1
325 silly packumentCache full:https://registry.npmjs.org/hermes-parser cache-miss
326 http fetch GET 200 https://registry.npmjs.org/@eslint-community%2fregexpp 726ms (cache miss)
327 silly packumentCache full:https://registry.npmjs.org/@eslint-community%2fregexpp set size:undefined disposed:false
328 silly fetch manifest zod-validation-error@^3.5.0 || ^4.0.0
329 silly packumentCache full:https://registry.npmjs.org/zod-validation-error cache-miss
330 http fetch GET 200 https://registry.npmjs.org/@eslint%2fconfig-array 1130ms (cache miss)
331 silly packumentCache full:https://registry.npmjs.org/@eslint%2fconfig-array set size:undefined disposed:false
332 silly fetch manifest scheduler@^0.27.0
333 silly packumentCache full:https://registry.npmjs.org/scheduler cache-miss
334 http fetch GET 200 https://registry.npmjs.org/json-stable-stringify-without-jsonify 297ms (cache miss)
335 silly packumentCache full:https://registry.npmjs.org/json-stable-stringify-without-jsonify set size:undefined disposed:false
336 silly fetch manifest @typescript-eslint/utils@8.56.1
337 silly packumentCache full:https://registry.npmjs.org/@typescript-eslint%2futils cache-miss
338 http fetch GET 200 https://registry.npmjs.org/@babel%2fparser 335ms (cache miss)
339 silly packumentCache full:https://registry.npmjs.org/@babel%2fparser set size:undefined disposed:false
340 silly fetch manifest @typescript-eslint/parser@8.56.1
341 silly packumentCache full:https://registry.npmjs.org/@typescript-eslint%2fparser cache-miss
342 http fetch GET 200 https://registry.npmjs.org/hermes-parser 275ms (cache miss)
343 silly packumentCache full:https://registry.npmjs.org/hermes-parser set size:undefined disposed:false
344 silly fetch manifest @typescript-eslint/eslint-plugin@8.56.1
345 silly packumentCache full:https://registry.npmjs.org/@typescript-eslint%2feslint-plugin cache-miss
346 http fetch GET 200 https://registry.npmjs.org/zod-validation-error 280ms (cache miss)
347 silly packumentCache full:https://registry.npmjs.org/zod-validation-error set size:undefined disposed:false
348 silly fetch manifest @typescript-eslint/typescript-estree@8.56.1
349 silly packumentCache full:https://registry.npmjs.org/@typescript-eslint%2ftypescript-estree cache-miss
350 http fetch GET 200 https://registry.npmjs.org/@humanwhocodes%2fmodule-importer 698ms (cache miss)
351 silly packumentCache full:https://registry.npmjs.org/@humanwhocodes%2fmodule-importer set size:undefined disposed:false
352 http fetch GET 200 https://registry.npmjs.org/@eslint-community%2feslint-utils 1283ms (cache miss)
353 silly packumentCache full:https://registry.npmjs.org/@eslint-community%2feslint-utils set size:undefined disposed:false
354 http fetch GET 200 https://registry.npmjs.org/@typescript-eslint%2futils 712ms (cache miss)
355 silly packumentCache full:https://registry.npmjs.org/@typescript-eslint%2futils set size:undefined disposed:false
356 http fetch GET 200 https://registry.npmjs.org/@typescript-eslint%2fparser 676ms (cache miss)
357 silly packumentCache full:https://registry.npmjs.org/@typescript-eslint%2fparser set size:undefined disposed:false
358 http fetch GET 200 https://registry.npmjs.org/scheduler 1062ms (cache miss)
359 silly packumentCache full:https://registry.npmjs.org/scheduler set size:undefined disposed:false
360 http fetch GET 200 https://registry.npmjs.org/@typescript-eslint%2feslint-plugin 1279ms (cache miss)
361 silly packumentCache full:https://registry.npmjs.org/@typescript-eslint%2feslint-plugin set size:undefined disposed:false
362 http fetch GET 200 https://registry.npmjs.org/@typescript-eslint%2ftypescript-estree 1519ms (cache miss)
363 silly packumentCache full:https://registry.npmjs.org/@typescript-eslint%2ftypescript-estree set size:undefined disposed:false
364 silly placeDep ROOT undici-types@7.16.0 OK for: @types/node@24.12.0 want: ~7.16.0
365 silly placeDep ROOT csstype@3.2.3 OK for: @types/react@19.2.14 want: ^3.2.2
366 silly placeDep ROOT @babel/core@7.29.0 OK for: @vitejs/plugin-react@5.1.4 want: ^7.29.0
367 silly placeDep ROOT @babel/plugin-transform-react-jsx-self@7.27.1 OK for: @vitejs/plugin-react@5.1.4 want: ^7.27.1
368 silly placeDep ROOT @babel/plugin-transform-react-jsx-source@7.27.1 OK for: @vitejs/plugin-react@5.1.4 want: ^7.27.1
369 silly placeDep ROOT @rolldown/pluginutils@1.0.0-rc.3 OK for: @vitejs/plugin-react@5.1.4 want: 1.0.0-rc.3
370 silly placeDep ROOT @types/babel__core@7.20.5 OK for: @vitejs/plugin-react@5.1.4 want: ^7.20.5
371 silly placeDep ROOT react-refresh@0.18.0 OK for: @vitejs/plugin-react@5.1.4 want: ^0.18.0
372 silly fetch manifest debug@^4.1.0
373 silly packumentCache full:https://registry.npmjs.org/debug cache-miss
374 silly fetch manifest json5@^2.2.3
375 silly packumentCache full:https://registry.npmjs.org/json5 cache-miss
376 silly fetch manifest semver@^6.3.1
377 silly packumentCache full:https://registry.npmjs.org/semver cache-miss
378 silly fetch manifest gensync@^1.0.0-beta.2
379 silly packumentCache full:https://registry.npmjs.org/gensync cache-miss
380 silly fetch manifest @babel/types@^7.29.0
381 silly packumentCache full:https://registry.npmjs.org/@babel%2ftypes cache-miss
382 silly fetch manifest @babel/parser@^7.29.0
383 silly packumentCache full:https://registry.npmjs.org/@babel%2fparser cache-miss
384 silly fetch manifest @babel/helpers@^7.28.6
385 silly packumentCache full:https://registry.npmjs.org/@babel%2fhelpers cache-miss
386 http fetch GET 200 https://registry.npmjs.org/@babel%2fparser 4ms (cache hit)
387 silly packumentCache full:https://registry.npmjs.org/@babel%2fparser set size:714217 disposed:false
388 silly fetch manifest @babel/template@^7.28.6
389 silly packumentCache full:https://registry.npmjs.org/@babel%2ftemplate cache-miss
390 http fetch GET 200 https://registry.npmjs.org/debug 10ms (cache hit)
391 silly packumentCache full:https://registry.npmjs.org/debug set size:195840 disposed:false
392 silly fetch manifest @babel/traverse@^7.29.0
393 silly packumentCache full:https://registry.npmjs.org/@babel%2ftraverse cache-miss
394 http fetch GET 200 https://registry.npmjs.org/json5 75ms (cache miss)
395 silly packumentCache full:https://registry.npmjs.org/json5 set size:undefined disposed:false
396 silly fetch manifest @babel/generator@^7.29.0
397 silly packumentCache full:https://registry.npmjs.org/@babel%2fgenerator cache-miss
398 http fetch GET 200 https://registry.npmjs.org/gensync 284ms (cache miss)
399 silly packumentCache full:https://registry.npmjs.org/gensync set size:undefined disposed:false
400 silly fetch manifest @babel/code-frame@^7.29.0
401 silly packumentCache full:https://registry.npmjs.org/@babel%2fcode-frame cache-miss
402 http fetch GET 200 https://registry.npmjs.org/semver 291ms (cache miss)
403 silly packumentCache full:https://registry.npmjs.org/semver set size:undefined disposed:false
404 silly fetch manifest convert-source-map@^2.0.0
405 silly packumentCache full:https://registry.npmjs.org/convert-source-map cache-miss
406 http fetch GET 200 https://registry.npmjs.org/@babel%2ftypes 302ms (cache miss)
407 silly packumentCache full:https://registry.npmjs.org/@babel%2ftypes set size:undefined disposed:false
408 silly fetch manifest @jridgewell/remapping@^2.3.5
409 silly packumentCache full:https://registry.npmjs.org/@jridgewell%2fremapping cache-miss
410 http fetch GET 200 https://registry.npmjs.org/@babel%2fgenerator 306ms (cache miss)
411 silly packumentCache full:https://registry.npmjs.org/@babel%2fgenerator set size:undefined disposed:false
412 silly fetch manifest @babel/helper-module-transforms@^7.28.6
413 silly packumentCache full:https://registry.npmjs.org/@babel%2fhelper-module-transforms cache-miss
414 http fetch GET 200 https://registry.npmjs.org/@jridgewell%2fremapping 266ms (cache miss)
415 silly packumentCache full:https://registry.npmjs.org/@jridgewell%2fremapping set size:undefined disposed:false
416 silly fetch manifest @babel/helper-compilation-targets@^7.28.6
417 silly packumentCache full:https://registry.npmjs.org/@babel%2fhelper-compilation-targets cache-miss
418 http fetch GET 200 https://registry.npmjs.org/@babel%2ftemplate 570ms (cache miss)
419 silly packumentCache full:https://registry.npmjs.org/@babel%2ftemplate set size:undefined disposed:false
420 silly fetch manifest @babel/helper-plugin-utils@^7.27.1
421 silly packumentCache full:https://registry.npmjs.org/@babel%2fhelper-plugin-utils cache-miss
422 http fetch GET 200 https://registry.npmjs.org/convert-source-map 288ms (cache miss)
423 silly packumentCache full:https://registry.npmjs.org/convert-source-map set size:undefined disposed:false
424 silly fetch manifest @babel/helper-plugin-utils@^7.27.1
425 silly packumentCache full:https://registry.npmjs.org/@babel%2fhelper-plugin-utils cache-miss
426 http fetch GET 200 https://registry.npmjs.org/@babel%2fhelpers 586ms (cache miss)
427 silly packumentCache full:https://registry.npmjs.org/@babel%2fhelpers set size:undefined disposed:false
428 silly fetch manifest @babel/types@^7.20.7
429 silly packumentCache full:https://registry.npmjs.org/@babel%2ftypes cache-miss
430 http fetch GET 200 https://registry.npmjs.org/@babel%2ftraverse 579ms (cache miss)
431 silly packumentCache full:https://registry.npmjs.org/@babel%2ftraverse set size:undefined disposed:false
432 silly fetch manifest @babel/parser@^7.20.7
433 silly packumentCache full:https://registry.npmjs.org/@babel%2fparser cache-hit
434 silly fetch manifest @types/babel__template@*
435 silly packumentCache full:https://registry.npmjs.org/@types%2fbabel__template cache-miss
436 http fetch GET 200 https://registry.npmjs.org/@babel%2ftypes 7ms (cache hit)
437 silly packumentCache full:https://registry.npmjs.org/@babel%2ftypes set size:485839 disposed:false
438 silly fetch manifest @types/babel__traverse@*
439 silly packumentCache full:https://registry.npmjs.org/@types%2fbabel__traverse cache-miss
440 http fetch GET 200 https://registry.npmjs.org/@babel%2fcode-frame 314ms (cache miss)
441 silly packumentCache full:https://registry.npmjs.org/@babel%2fcode-frame set size:undefined disposed:false
442 silly fetch manifest @types/babel__generator@*
443 silly packumentCache full:https://registry.npmjs.org/@types%2fbabel__generator cache-miss
444 http fetch GET 200 https://registry.npmjs.org/@babel%2fhelper-module-transforms 333ms (cache miss)
445 silly packumentCache full:https://registry.npmjs.org/@babel%2fhelper-module-transforms set size:undefined disposed:false
446 http fetch GET 200 https://registry.npmjs.org/@babel%2fhelper-plugin-utils 519ms (cache miss)
447 silly packumentCache full:https://registry.npmjs.org/@babel%2fhelper-plugin-utils set size:undefined disposed:false
448 http fetch GET 200 https://registry.npmjs.org/@types%2fbabel__template 518ms (cache miss)
449 silly packumentCache full:https://registry.npmjs.org/@types%2fbabel__template set size:undefined disposed:false
450 http fetch GET 200 https://registry.npmjs.org/@babel%2fhelper-plugin-utils 526ms (cache miss)
451 silly packumentCache full:https://registry.npmjs.org/@babel%2fhelper-plugin-utils set size:undefined disposed:false
452 http fetch GET 200 https://registry.npmjs.org/@babel%2fhelper-compilation-targets 960ms (cache miss)
453 silly packumentCache full:https://registry.npmjs.org/@babel%2fhelper-compilation-targets set size:undefined disposed:false
454 http fetch GET 200 https://registry.npmjs.org/@types%2fbabel__generator 940ms (cache miss)
455 silly packumentCache full:https://registry.npmjs.org/@types%2fbabel__generator set size:undefined disposed:false
456 http fetch GET 200 https://registry.npmjs.org/@types%2fbabel__traverse 945ms (cache miss)
457 silly packumentCache full:https://registry.npmjs.org/@types%2fbabel__traverse set size:undefined disposed:false
458 silly fetch manifest @babel/core@^7.0.0
459 silly packumentCache full:https://registry.npmjs.org/@babel%2fcore cache-hit
460 silly placeDep ROOT @babel/code-frame@7.29.0 OK for: @babel/core@7.29.0 want: ^7.29.0
461 silly placeDep ROOT @babel/generator@7.29.1 OK for: @babel/core@7.29.0 want: ^7.29.0
462 silly placeDep ROOT @babel/helper-compilation-targets@7.28.6 OK for: @babel/core@7.29.0 want: ^7.28.6
463 silly placeDep ROOT @babel/helper-module-transforms@7.28.6 OK for: @babel/core@7.29.0 want: ^7.28.6
464 silly placeDep ROOT @babel/helpers@7.28.6 OK for: @babel/core@7.29.0 want: ^7.28.6
465 silly placeDep ROOT @babel/parser@7.29.0 OK for: @babel/core@7.29.0 want: ^7.29.0
466 silly placeDep ROOT @babel/template@7.28.6 OK for: @babel/core@7.29.0 want: ^7.28.6
467 silly placeDep ROOT @babel/traverse@7.29.0 OK for: @babel/core@7.29.0 want: ^7.29.0
468 silly placeDep ROOT @babel/types@7.29.0 OK for: @babel/core@7.29.0 want: ^7.29.0
469 silly placeDep ROOT @jridgewell/remapping@2.3.5 OK for: @babel/core@7.29.0 want: ^2.3.5
470 silly placeDep ROOT convert-source-map@2.0.0 OK for: @babel/core@7.29.0 want: ^2.0.0
471 silly placeDep ROOT debug@4.4.3 OK for: @babel/core@7.29.0 want: ^4.1.0
472 silly placeDep ROOT gensync@1.0.0-beta.2 OK for: @babel/core@7.29.0 want: ^1.0.0-beta.2
473 silly placeDep ROOT json5@2.2.3 OK for: @babel/core@7.29.0 want: ^2.2.3
474 silly placeDep ROOT semver@6.3.1 OK for: @babel/core@7.29.0 want: ^6.3.1
475 silly fetch manifest js-tokens@^4.0.0
476 silly packumentCache full:https://registry.npmjs.org/js-tokens cache-miss
477 silly fetch manifest picocolors@^1.1.1
478 silly packumentCache full:https://registry.npmjs.org/picocolors cache-miss
479 silly fetch manifest @babel/helper-validator-identifier@^7.28.5
480 silly packumentCache full:https://registry.npmjs.org/@babel%2fhelper-validator-identifier cache-miss
481 silly fetch manifest jsesc@^3.0.2
482 silly packumentCache full:https://registry.npmjs.org/jsesc cache-miss
483 silly fetch manifest @jridgewell/gen-mapping@^0.3.12
484 silly packumentCache full:https://registry.npmjs.org/@jridgewell%2fgen-mapping cache-miss
485 silly fetch manifest @jridgewell/trace-mapping@^0.3.28
486 silly packumentCache full:https://registry.npmjs.org/@jridgewell%2ftrace-mapping cache-miss
487 silly fetch manifest lru-cache@^5.1.1
488 silly packumentCache full:https://registry.npmjs.org/lru-cache cache-miss
489 http fetch GET 200 https://registry.npmjs.org/@babel%2fhelper-validator-identifier 88ms (cache miss)
490 silly packumentCache full:https://registry.npmjs.org/@babel%2fhelper-validator-identifier set size:undefined disposed:false
491 silly fetch manifest browserslist@^4.24.0
492 silly packumentCache full:https://registry.npmjs.org/browserslist cache-miss
493 http fetch GET 200 https://registry.npmjs.org/lru-cache 129ms (cache miss)
494 silly packumentCache full:https://registry.npmjs.org/lru-cache set size:undefined disposed:false
495 silly fetch manifest @babel/compat-data@^7.28.6
496 silly packumentCache full:https://registry.npmjs.org/@babel%2fcompat-data cache-miss
497 http fetch GET 200 https://registry.npmjs.org/browserslist 96ms (cache miss)
498 silly packumentCache full:https://registry.npmjs.org/browserslist set size:undefined disposed:false
499 silly fetch manifest @babel/helper-validator-option@^7.27.1
500 silly packumentCache full:https://registry.npmjs.org/@babel%2fhelper-validator-option cache-miss
501 http fetch GET 200 https://registry.npmjs.org/@babel%2fcompat-data 106ms (cache miss)
502 silly packumentCache full:https://registry.npmjs.org/@babel%2fcompat-data set size:undefined disposed:false
503 silly fetch manifest @babel/traverse@^7.28.6
504 silly packumentCache full:https://registry.npmjs.org/@babel%2ftraverse cache-miss
505 http fetch GET 200 https://registry.npmjs.org/@babel%2ftraverse 3ms (cache hit)
506 silly packumentCache full:https://registry.npmjs.org/@babel%2ftraverse set size:546499 disposed:false
507 silly fetch manifest @babel/helper-module-imports@^7.28.6
508 silly packumentCache full:https://registry.npmjs.org/@babel%2fhelper-module-imports cache-miss
509 http fetch GET 200 https://registry.npmjs.org/picocolors 280ms (cache miss)
510 silly packumentCache full:https://registry.npmjs.org/picocolors set size:undefined disposed:false
511 silly fetch manifest @babel/types@^7.28.6
512 silly packumentCache full:https://registry.npmjs.org/@babel%2ftypes cache-hit
513 silly fetch manifest debug@^4.3.1
514 silly packumentCache full:https://registry.npmjs.org/debug cache-hit
515 silly fetch manifest @babel/helper-globals@^7.28.0
516 silly packumentCache full:https://registry.npmjs.org/@babel%2fhelper-globals cache-miss
517 http fetch GET 200 https://registry.npmjs.org/js-tokens 284ms (cache miss)
518 silly packumentCache full:https://registry.npmjs.org/js-tokens set size:undefined disposed:false
519 silly fetch manifest @babel/helper-string-parser@^7.27.1
520 silly packumentCache full:https://registry.npmjs.org/@babel%2fhelper-string-parser cache-miss
521 http fetch GET 200 https://registry.npmjs.org/jsesc 303ms (cache miss)
522 silly packumentCache full:https://registry.npmjs.org/jsesc set size:undefined disposed:false
523 silly fetch manifest @jridgewell/gen-mapping@^0.3.5
524 silly packumentCache full:https://registry.npmjs.org/@jridgewell%2fgen-mapping cache-miss
525 http fetch GET 200 https://registry.npmjs.org/@babel%2fhelper-string-parser 82ms (cache miss)
526 silly packumentCache full:https://registry.npmjs.org/@babel%2fhelper-string-parser set size:undefined disposed:false
527 silly fetch manifest @jridgewell/trace-mapping@^0.3.24
528 silly packumentCache full:https://registry.npmjs.org/@jridgewell%2ftrace-mapping cache-miss
529 http fetch GET 200 https://registry.npmjs.org/@jridgewell%2fgen-mapping 481ms (cache miss)
530 silly packumentCache full:https://registry.npmjs.org/@jridgewell%2fgen-mapping set size:undefined disposed:false
531 silly fetch manifest ms@^2.1.3
532 silly packumentCache full:https://registry.npmjs.org/ms cache-miss
533 http fetch GET 200 https://registry.npmjs.org/@jridgewell%2ftrace-mapping 126ms (cache miss)
534 silly packumentCache full:https://registry.npmjs.org/@jridgewell%2ftrace-mapping set size:undefined disposed:false
535 http fetch GET 200 https://registry.npmjs.org/@jridgewell%2ftrace-mapping 495ms (cache miss)
536 silly packumentCache full:https://registry.npmjs.org/@jridgewell%2ftrace-mapping set size:undefined disposed:false
537 http fetch GET 200 https://registry.npmjs.org/@jridgewell%2fgen-mapping 219ms (cache miss)
538 silly packumentCache full:https://registry.npmjs.org/@jridgewell%2fgen-mapping set size:undefined disposed:false
539 http fetch GET 200 https://registry.npmjs.org/@babel%2fhelper-module-imports 290ms (cache miss)
540 silly packumentCache full:https://registry.npmjs.org/@babel%2fhelper-module-imports set size:undefined disposed:false
541 http fetch GET 200 https://registry.npmjs.org/ms 65ms (cache miss)
542 silly packumentCache full:https://registry.npmjs.org/ms set size:undefined disposed:false
543 http fetch GET 200 https://registry.npmjs.org/@babel%2fhelper-globals 511ms (cache miss)
544 silly packumentCache full:https://registry.npmjs.org/@babel%2fhelper-globals set size:undefined disposed:false
545 http fetch GET 200 https://registry.npmjs.org/@babel%2fhelper-validator-option 726ms (cache miss)
546 silly packumentCache full:https://registry.npmjs.org/@babel%2fhelper-validator-option set size:undefined disposed:false
547 silly placeDep ROOT @babel/helper-validator-identifier@7.28.5 OK for: @babel/code-frame@7.29.0 want: ^7.28.5
548 silly placeDep ROOT js-tokens@4.0.0 OK for: @babel/code-frame@7.29.0 want: ^4.0.0
549 silly placeDep ROOT picocolors@1.1.1 OK for: @babel/code-frame@7.29.0 want: ^1.1.1
550 silly placeDep ROOT @jridgewell/gen-mapping@0.3.13 OK for: @babel/generator@7.29.1 want: ^0.3.12
551 silly placeDep ROOT @jridgewell/trace-mapping@0.3.31 OK for: @babel/generator@7.29.1 want: ^0.3.28
552 silly placeDep ROOT jsesc@3.1.0 OK for: @babel/generator@7.29.1 want: ^3.0.2
553 silly fetch manifest @jridgewell/sourcemap-codec@^1.5.0
554 silly packumentCache full:https://registry.npmjs.org/@jridgewell%2fsourcemap-codec cache-miss
555 silly fetch manifest @jridgewell/resolve-uri@^3.1.0
556 silly packumentCache full:https://registry.npmjs.org/@jridgewell%2fresolve-uri cache-miss
557 silly fetch manifest @jridgewell/sourcemap-codec@^1.4.14
558 silly packumentCache full:https://registry.npmjs.org/@jridgewell%2fsourcemap-codec cache-miss
559 http fetch GET 200 https://registry.npmjs.org/@jridgewell%2fsourcemap-codec 258ms (cache miss)
560 silly packumentCache full:https://registry.npmjs.org/@jridgewell%2fsourcemap-codec set size:undefined disposed:false
561 http fetch GET 200 https://registry.npmjs.org/@jridgewell%2fsourcemap-codec 258ms (cache miss)
562 silly packumentCache full:https://registry.npmjs.org/@jridgewell%2fsourcemap-codec set size:undefined disposed:false
563 http fetch GET 200 https://registry.npmjs.org/@jridgewell%2fresolve-uri 312ms (cache miss)
564 silly packumentCache full:https://registry.npmjs.org/@jridgewell%2fresolve-uri set size:undefined disposed:false
565 silly placeDep ROOT @babel/compat-data@7.29.0 OK for: @babel/helper-compilation-targets@7.28.6 want: ^7.28.6
566 silly placeDep ROOT @babel/helper-validator-option@7.27.1 OK for: @babel/helper-compilation-targets@7.28.6 want: ^7.27.1
567 silly placeDep ROOT browserslist@4.28.1 OK for: @babel/helper-compilation-targets@7.28.6 want: ^4.24.0
568 silly placeDep ROOT lru-cache@5.1.1 OK for: @babel/helper-compilation-targets@7.28.6 want: ^5.1.1
569 silly fetch manifest baseline-browser-mapping@^2.9.0
570 silly packumentCache full:https://registry.npmjs.org/baseline-browser-mapping cache-miss
571 silly fetch manifest caniuse-lite@^1.0.30001759
572 silly packumentCache full:https://registry.npmjs.org/caniuse-lite cache-miss
573 silly fetch manifest electron-to-chromium@^1.5.263
574 silly packumentCache full:https://registry.npmjs.org/electron-to-chromium cache-miss
575 silly fetch manifest node-releases@^2.0.27
576 silly packumentCache full:https://registry.npmjs.org/node-releases cache-miss
577 silly fetch manifest update-browserslist-db@^1.2.0
578 silly packumentCache full:https://registry.npmjs.org/update-browserslist-db cache-miss
579 silly fetch manifest yallist@^3.0.2
580 silly packumentCache full:https://registry.npmjs.org/yallist cache-miss
581 http fetch GET 200 https://registry.npmjs.org/node-releases 70ms (cache miss)
582 silly packumentCache full:https://registry.npmjs.org/node-releases set size:undefined disposed:false
583 http fetch GET 200 https://registry.npmjs.org/electron-to-chromium 176ms (cache miss)
584 silly packumentCache full:https://registry.npmjs.org/electron-to-chromium set size:undefined disposed:false
585 http fetch GET 200 https://registry.npmjs.org/update-browserslist-db 287ms (cache miss)
586 silly packumentCache full:https://registry.npmjs.org/update-browserslist-db set size:undefined disposed:false
587 http fetch GET 200 https://registry.npmjs.org/yallist 307ms (cache miss)
588 silly packumentCache full:https://registry.npmjs.org/yallist set size:undefined disposed:false
589 http fetch GET 200 https://registry.npmjs.org/baseline-browser-mapping 323ms (cache miss)
590 silly packumentCache full:https://registry.npmjs.org/baseline-browser-mapping set size:undefined disposed:false
591 http fetch GET 200 https://registry.npmjs.org/caniuse-lite 332ms (cache miss)
592 silly packumentCache full:https://registry.npmjs.org/caniuse-lite set size:undefined disposed:false
593 silly placeDep ROOT @babel/helper-module-imports@7.28.6 OK for: @babel/helper-module-transforms@7.28.6 want: ^7.28.6
594 silly placeDep ROOT @babel/helper-plugin-utils@7.28.6 OK for: @babel/plugin-transform-react-jsx-self@7.27.1 want: ^7.27.1
595 silly placeDep ROOT @babel/helper-globals@7.28.0 OK for: @babel/traverse@7.29.0 want: ^7.28.0
596 silly placeDep ROOT @babel/helper-string-parser@7.27.1 OK for: @babel/types@7.29.0 want: ^7.27.1
597 silly placeDep ROOT @jridgewell/sourcemap-codec@1.5.5 OK for: @jridgewell/gen-mapping@0.3.13 want: ^1.5.0
598 silly placeDep ROOT @jridgewell/resolve-uri@3.1.2 OK for: @jridgewell/trace-mapping@0.3.31 want: ^3.1.0
599 silly placeDep ROOT @types/babel__generator@7.27.0 OK for: @types/babel__core@7.20.5 want: *
600 silly placeDep ROOT @types/babel__template@7.4.4 OK for: @types/babel__core@7.20.5 want: *
601 silly placeDep ROOT @types/babel__traverse@7.28.0 OK for: @types/babel__core@7.20.5 want: *
602 silly fetch manifest browserslist@>= 4.21.0
603 silly packumentCache full:https://registry.npmjs.org/browserslist cache-miss
604 http fetch GET 200 https://registry.npmjs.org/browserslist 4ms (cache hit)
605 silly packumentCache full:https://registry.npmjs.org/browserslist set size:502989 disposed:false
606 silly placeDep ROOT baseline-browser-mapping@2.10.0 OK for: browserslist@4.28.1 want: ^2.9.0
607 silly placeDep ROOT caniuse-lite@1.0.30001777 OK for: browserslist@4.28.1 want: ^1.0.30001759
608 silly placeDep ROOT electron-to-chromium@1.5.307 OK for: browserslist@4.28.1 want: ^1.5.263
609 silly placeDep ROOT node-releases@2.0.36 OK for: browserslist@4.28.1 want: ^2.0.27
610 silly placeDep ROOT update-browserslist-db@1.2.3 OK for: browserslist@4.28.1 want: ^1.2.0
611 silly fetch manifest escalade@^3.2.0
612 silly packumentCache full:https://registry.npmjs.org/escalade cache-miss
613 http fetch GET 200 https://registry.npmjs.org/escalade 62ms (cache miss)
614 silly packumentCache full:https://registry.npmjs.org/escalade set size:undefined disposed:false
615 silly placeDep ROOT ms@2.1.3 OK for: debug@4.4.3 want: ^2.1.3
616 silly fetch manifest eslint@^6.0.0 || ^7.0.0 || >=8.0.0
617 silly packumentCache full:https://registry.npmjs.org/eslint cache-miss
618 http fetch GET 200 https://registry.npmjs.org/eslint 5ms (cache hit)
619 silly packumentCache full:https://registry.npmjs.org/eslint set size:1949488 disposed:false
620 silly placeDep ROOT @eslint-community/eslint-utils@4.9.1 OK for: eslint@9.39.3 want: ^4.8.0
621 silly placeDep ROOT @eslint-community/regexpp@4.12.2 OK for: eslint@9.39.3 want: ^4.12.1
622 silly placeDep ROOT @eslint/config-array@0.21.1 OK for: eslint@9.39.3 want: ^0.21.1
623 silly placeDep ROOT @eslint/config-helpers@0.4.2 OK for: eslint@9.39.3 want: ^0.4.2
624 silly placeDep ROOT @eslint/core@0.17.0 OK for: eslint@9.39.3 want: ^0.17.0
625 silly placeDep ROOT @eslint/eslintrc@3.3.4 OK for: eslint@9.39.3 want: ^3.3.1
626 silly placeDep ROOT @eslint/plugin-kit@0.4.1 OK for: eslint@9.39.3 want: ^0.4.1
627 silly placeDep ROOT @humanfs/node@0.16.7 OK for: eslint@9.39.3 want: ^0.16.6
628 silly placeDep ROOT @humanwhocodes/module-importer@1.0.1 OK for: eslint@9.39.3 want: ^1.0.1
629 silly placeDep ROOT @humanwhocodes/retry@0.4.3 OK for: eslint@9.39.3 want: ^0.4.2
630 silly placeDep ROOT @types/estree@1.0.8 OK for: eslint@9.39.3 want: ^1.0.6
631 silly placeDep ROOT ajv@6.14.0 OK for: eslint@9.39.3 want: ^6.12.4
632 silly placeDep ROOT chalk@4.1.2 OK for: eslint@9.39.3 want: ^4.0.0
633 silly placeDep ROOT cross-spawn@7.0.6 OK for: eslint@9.39.3 want: ^7.0.6
634 silly placeDep ROOT escape-string-regexp@4.0.0 OK for: eslint@9.39.3 want: ^4.0.0
635 silly placeDep ROOT eslint-scope@8.4.0 OK for: eslint@9.39.3 want: ^8.4.0
636 silly placeDep ROOT eslint-visitor-keys@4.2.1 OK for: eslint@9.39.3 want: ^4.2.1
637 silly placeDep ROOT espree@10.4.0 OK for: eslint@9.39.3 want: ^10.4.0
638 silly placeDep ROOT esquery@1.7.0 OK for: eslint@9.39.3 want: ^1.5.0
639 silly placeDep ROOT esutils@2.0.3 OK for: eslint@9.39.3 want: ^2.0.2
640 silly placeDep ROOT fast-deep-equal@3.1.3 OK for: eslint@9.39.3 want: ^3.1.3
641 silly placeDep ROOT file-entry-cache@8.0.0 OK for: eslint@9.39.3 want: ^8.0.0
642 silly placeDep ROOT find-up@5.0.0 OK for: eslint@9.39.3 want: ^5.0.0
643 silly placeDep ROOT glob-parent@6.0.2 OK for: eslint@9.39.3 want: ^6.0.2
644 silly placeDep ROOT ignore@5.3.2 OK for: eslint@9.39.3 want: ^5.2.0
645 silly placeDep ROOT imurmurhash@0.1.4 OK for: eslint@9.39.3 want: ^0.1.4
646 silly placeDep ROOT is-glob@4.0.3 OK for: eslint@9.39.3 want: ^4.0.0
647 silly placeDep ROOT json-stable-stringify-without-jsonify@1.0.1 OK for: eslint@9.39.3 want: ^1.0.1
648 silly placeDep ROOT lodash.merge@4.6.2 OK for: eslint@9.39.3 want: ^4.6.2
649 silly placeDep ROOT minimatch@3.1.5 OK for: eslint@9.39.3 want: ^3.1.2
650 silly placeDep ROOT natural-compare@1.4.0 OK for: eslint@9.39.3 want: ^1.4.0
651 silly placeDep ROOT optionator@0.9.4 OK for: eslint@9.39.3 want: ^0.9.3
652 silly fetch manifest eslint-visitor-keys@^3.4.3
653 silly packumentCache full:https://registry.npmjs.org/eslint-visitor-keys cache-miss
654 silly fetch manifest @eslint/object-schema@^2.1.7
655 silly packumentCache full:https://registry.npmjs.org/@eslint%2fobject-schema cache-miss
656 silly fetch manifest @types/json-schema@^7.0.15
657 silly packumentCache full:https://registry.npmjs.org/@types%2fjson-schema cache-miss
658 silly fetch manifest ajv@^6.14.0
659 silly packumentCache full:https://registry.npmjs.org/ajv cache-miss
660 silly fetch manifest espree@^10.0.1
661 silly packumentCache full:https://registry.npmjs.org/espree cache-miss
662 silly fetch manifest globals@^14.0.0
663 silly packumentCache full:https://registry.npmjs.org/globals cache-miss
664 silly fetch manifest import-fresh@^3.2.1
665 silly packumentCache full:https://registry.npmjs.org/import-fresh cache-miss
666 http fetch GET 200 https://registry.npmjs.org/eslint-visitor-keys 7ms (cache hit)
667 silly packumentCache full:https://registry.npmjs.org/eslint-visitor-keys set size:69949 disposed:false
668 silly fetch manifest js-yaml@^4.1.1
669 silly packumentCache full:https://registry.npmjs.org/js-yaml cache-miss
670 http fetch GET 200 https://registry.npmjs.org/ajv 8ms (cache hit)
671 silly packumentCache full:https://registry.npmjs.org/ajv set size:1120197 disposed:false
672 silly fetch manifest minimatch@^3.1.3
673 silly packumentCache full:https://registry.npmjs.org/minimatch cache-miss
674 http fetch GET 200 https://registry.npmjs.org/globals 14ms (cache hit)
675 silly packumentCache full:https://registry.npmjs.org/globals set size:308609 disposed:false
676 silly fetch manifest strip-json-comments@^3.1.1
677 silly packumentCache full:https://registry.npmjs.org/strip-json-comments cache-miss
678 http fetch GET 200 https://registry.npmjs.org/espree 17ms (cache hit)
679 silly packumentCache full:https://registry.npmjs.org/espree set size:323320 disposed:false
680 silly fetch manifest levn@^0.4.1
681 silly packumentCache full:https://registry.npmjs.org/levn cache-miss
682 http fetch GET 200 https://registry.npmjs.org/minimatch 8ms (cache hit)
683 silly packumentCache full:https://registry.npmjs.org/minimatch set size:352359 disposed:false
684 silly fetch manifest @humanwhocodes/retry@^0.4.0
685 silly packumentCache full:https://registry.npmjs.org/@humanwhocodes%2fretry cache-miss
686 http fetch GET 200 https://registry.npmjs.org/@humanwhocodes%2fretry 2ms (cache hit)
687 silly packumentCache full:https://registry.npmjs.org/@humanwhocodes%2fretry set size:42348 disposed:false
688 silly fetch manifest @humanfs/core@^0.19.1
689 silly packumentCache full:https://registry.npmjs.org/@humanfs%2fcore cache-miss
690 http fetch GET 200 https://registry.npmjs.org/@types%2fjson-schema 87ms (cache miss)
691 silly packumentCache full:https://registry.npmjs.org/@types%2fjson-schema set size:undefined disposed:false
692 silly fetch manifest fast-deep-equal@^3.1.1
693 silly packumentCache full:https://registry.npmjs.org/fast-deep-equal cache-miss
694 http fetch GET 200 https://registry.npmjs.org/fast-deep-equal 2ms (cache hit)
695 silly packumentCache full:https://registry.npmjs.org/fast-deep-equal set size:48634 disposed:false
696 silly fetch manifest fast-json-stable-stringify@^2.0.0
697 silly packumentCache full:https://registry.npmjs.org/fast-json-stable-stringify cache-miss
698 http fetch GET 200 https://registry.npmjs.org/js-yaml 279ms (cache miss)
699 silly packumentCache full:https://registry.npmjs.org/js-yaml set size:undefined disposed:false
700 silly fetch manifest json-schema-traverse@^0.4.1
701 silly packumentCache full:https://registry.npmjs.org/json-schema-traverse cache-miss
702 http fetch GET 200 https://registry.npmjs.org/import-fresh 301ms (cache miss)
703 silly packumentCache full:https://registry.npmjs.org/import-fresh set size:undefined disposed:false
704 silly fetch manifest uri-js@^4.2.2
705 silly packumentCache full:https://registry.npmjs.org/uri-js cache-miss
706 http fetch GET 200 https://registry.npmjs.org/strip-json-comments 305ms (cache miss)
707 silly packumentCache full:https://registry.npmjs.org/strip-json-comments set size:undefined disposed:false
708 silly fetch manifest ansi-styles@^4.1.0
709 silly packumentCache full:https://registry.npmjs.org/ansi-styles cache-miss
710 http fetch GET 200 https://registry.npmjs.org/fast-json-stable-stringify 280ms (cache miss)
711 silly packumentCache full:https://registry.npmjs.org/fast-json-stable-stringify set size:undefined disposed:false
712 silly fetch manifest supports-color@^7.1.0
713 silly packumentCache full:https://registry.npmjs.org/supports-color cache-miss
714 http fetch GET 200 https://registry.npmjs.org/supports-color 70ms (cache miss)
715 silly packumentCache full:https://registry.npmjs.org/supports-color set size:undefined disposed:false
716 silly fetch manifest which@^2.0.1
717 silly packumentCache full:https://registry.npmjs.org/which cache-miss
718 http fetch GET 200 https://registry.npmjs.org/json-schema-traverse 280ms (cache miss)
719 silly packumentCache full:https://registry.npmjs.org/json-schema-traverse set size:undefined disposed:false
720 silly fetch manifest path-key@^3.1.0
721 silly packumentCache full:https://registry.npmjs.org/path-key cache-miss
722 http fetch GET 200 https://registry.npmjs.org/@eslint%2fobject-schema 690ms (cache miss)
723 silly packumentCache full:https://registry.npmjs.org/@eslint%2fobject-schema set size:undefined disposed:false
724 silly fetch manifest shebang-command@^2.0.0
725 silly packumentCache full:https://registry.npmjs.org/shebang-command cache-miss
726 http fetch GET 200 https://registry.npmjs.org/levn 702ms (cache miss)
727 silly packumentCache full:https://registry.npmjs.org/levn set size:undefined disposed:false
728 silly fetch manifest esrecurse@^4.3.0
729 silly packumentCache full:https://registry.npmjs.org/esrecurse cache-miss
730 http fetch GET 200 https://registry.npmjs.org/which 286ms (cache miss)
731 silly packumentCache full:https://registry.npmjs.org/which set size:undefined disposed:false
732 silly fetch manifest estraverse@^5.2.0
733 silly packumentCache full:https://registry.npmjs.org/estraverse cache-miss
734 http fetch GET 200 https://registry.npmjs.org/shebang-command 289ms (cache miss)
735 silly packumentCache full:https://registry.npmjs.org/shebang-command set size:undefined disposed:false
736 silly fetch manifest acorn@^8.15.0
737 silly packumentCache full:https://registry.npmjs.org/acorn cache-miss
738 http fetch GET 200 https://registry.npmjs.org/esrecurse 278ms (cache miss)
739 silly packumentCache full:https://registry.npmjs.org/esrecurse set size:undefined disposed:false
740 silly fetch manifest acorn-jsx@^5.3.2
741 silly packumentCache full:https://registry.npmjs.org/acorn-jsx cache-miss
742 http fetch GET 200 https://registry.npmjs.org/uri-js 699ms (cache miss)
743 silly packumentCache full:https://registry.npmjs.org/uri-js set size:undefined disposed:false
744 silly fetch manifest estraverse@^5.1.0
745 silly packumentCache full:https://registry.npmjs.org/estraverse cache-miss
746 http fetch GET 200 https://registry.npmjs.org/estraverse 274ms (cache miss)
747 silly packumentCache full:https://registry.npmjs.org/estraverse set size:undefined disposed:false
748 silly fetch manifest flat-cache@^4.0.0
749 silly packumentCache full:https://registry.npmjs.org/flat-cache cache-miss
750 http fetch GET 200 https://registry.npmjs.org/ansi-styles 738ms (cache miss)
751 silly packumentCache full:https://registry.npmjs.org/ansi-styles set size:undefined disposed:false
752 silly fetch manifest locate-path@^6.0.0
753 silly packumentCache full:https://registry.npmjs.org/locate-path cache-miss
754 http fetch GET 200 https://registry.npmjs.org/estraverse 59ms (cache miss)
755 silly packumentCache full:https://registry.npmjs.org/estraverse set size:undefined disposed:false
756 silly fetch manifest path-exists@^4.0.0
757 silly packumentCache full:https://registry.npmjs.org/path-exists cache-miss
758 http fetch GET 200 https://registry.npmjs.org/@humanfs%2fcore 1165ms (cache miss)
759 silly packumentCache full:https://registry.npmjs.org/@humanfs%2fcore set size:undefined disposed:false
760 silly fetch manifest is-glob@^4.0.3
761 silly packumentCache full:https://registry.npmjs.org/is-glob cache-miss
762 http fetch GET 200 https://registry.npmjs.org/is-glob 3ms (cache hit)
763 silly packumentCache full:https://registry.npmjs.org/is-glob set size:40530 disposed:false
764 silly fetch manifest is-extglob@^2.1.1
765 silly packumentCache full:https://registry.npmjs.org/is-extglob cache-miss
766 http fetch GET 200 https://registry.npmjs.org/acorn 280ms (cache miss)
767 silly packumentCache full:https://registry.npmjs.org/acorn set size:undefined disposed:false
768 silly fetch manifest brace-expansion@^1.1.7
769 silly packumentCache full:https://registry.npmjs.org/brace-expansion cache-miss
770 http fetch GET 200 https://registry.npmjs.org/is-extglob 74ms (cache miss)
771 silly packumentCache full:https://registry.npmjs.org/is-extglob set size:undefined disposed:false
772 silly fetch manifest prelude-ls@^1.2.1
773 silly packumentCache full:https://registry.npmjs.org/prelude-ls cache-miss
774 http fetch GET 200 https://registry.npmjs.org/flat-cache 280ms (cache miss)
775 silly packumentCache full:https://registry.npmjs.org/flat-cache set size:undefined disposed:false
776 silly fetch manifest deep-is@^0.1.3
777 silly packumentCache full:https://registry.npmjs.org/deep-is cache-miss
778 http fetch GET 200 https://registry.npmjs.org/path-key 726ms (cache miss)
779 silly packumentCache full:https://registry.npmjs.org/path-key set size:undefined disposed:false
780 silly fetch manifest word-wrap@^1.2.5
781 silly packumentCache full:https://registry.npmjs.org/word-wrap cache-miss
782 http fetch GET 200 https://registry.npmjs.org/acorn-jsx 298ms (cache miss)
783 silly packumentCache full:https://registry.npmjs.org/acorn-jsx set size:undefined disposed:false
784 silly fetch manifest type-check@^0.4.0
785 silly packumentCache full:https://registry.npmjs.org/type-check cache-miss
786 http fetch GET 200 https://registry.npmjs.org/path-exists 281ms (cache miss)
787 silly packumentCache full:https://registry.npmjs.org/path-exists set size:undefined disposed:false
788 silly fetch manifest fast-levenshtein@^2.0.6
789 silly packumentCache full:https://registry.npmjs.org/fast-levenshtein cache-miss
790 http fetch GET 200 https://registry.npmjs.org/type-check 57ms (cache miss)
791 silly packumentCache full:https://registry.npmjs.org/type-check set size:undefined disposed:false
792 http fetch GET 200 https://registry.npmjs.org/locate-path 335ms (cache miss)
793 silly packumentCache full:https://registry.npmjs.org/locate-path set size:undefined disposed:false
794 http fetch GET 200 https://registry.npmjs.org/prelude-ls 287ms (cache miss)
795 silly packumentCache full:https://registry.npmjs.org/prelude-ls set size:undefined disposed:false
796 http fetch GET 200 https://registry.npmjs.org/word-wrap 275ms (cache miss)
797 silly packumentCache full:https://registry.npmjs.org/word-wrap set size:undefined disposed:false
798 http fetch GET 200 https://registry.npmjs.org/deep-is 300ms (cache miss)
799 silly packumentCache full:https://registry.npmjs.org/deep-is set size:undefined disposed:false
800 http fetch GET 200 https://registry.npmjs.org/fast-levenshtein 295ms (cache miss)
801 silly packumentCache full:https://registry.npmjs.org/fast-levenshtein set size:undefined disposed:false
802 http fetch GET 200 https://registry.npmjs.org/brace-expansion 540ms (cache miss)
803 silly packumentCache full:https://registry.npmjs.org/brace-expansion set size:undefined disposed:false
804 silly placeDep node_modules/@eslint-community/eslint-utils eslint-visitor-keys@3.4.3 OK for: @eslint-community/eslint-utils@4.9.1 want: ^3.4.3
805 silly placeDep ROOT @eslint/object-schema@2.1.7 OK for: @eslint/config-array@0.21.1 want: ^2.1.7
806 silly placeDep ROOT @types/json-schema@7.0.15 OK for: @eslint/core@0.17.0 want: ^7.0.15
807 silly placeDep node_modules/@eslint/eslintrc globals@14.0.0 OK for: @eslint/eslintrc@3.3.4 want: ^14.0.0
808 silly placeDep ROOT import-fresh@3.3.1 OK for: @eslint/eslintrc@3.3.4 want: ^3.2.1
809 silly placeDep ROOT js-yaml@4.1.1 OK for: @eslint/eslintrc@3.3.4 want: ^4.1.1
810 silly placeDep ROOT strip-json-comments@3.1.1 OK for: @eslint/eslintrc@3.3.4 want: ^3.1.1
811 silly fetch manifest resolve-from@^4.0.0
812 silly packumentCache full:https://registry.npmjs.org/resolve-from cache-miss
813 silly fetch manifest parent-module@^1.0.0
814 silly packumentCache full:https://registry.npmjs.org/parent-module cache-miss
815 silly fetch manifest argparse@^2.0.1
816 silly packumentCache full:https://registry.npmjs.org/argparse cache-miss
817 http fetch GET 200 https://registry.npmjs.org/argparse 63ms (cache miss)
818 silly packumentCache full:https://registry.npmjs.org/argparse set size:undefined disposed:false
819 http fetch GET 200 https://registry.npmjs.org/parent-module 301ms (cache miss)
820 silly packumentCache full:https://registry.npmjs.org/parent-module set size:undefined disposed:false
821 http fetch GET 200 https://registry.npmjs.org/resolve-from 333ms (cache miss)
822 silly packumentCache full:https://registry.npmjs.org/resolve-from set size:undefined disposed:false
823 silly placeDep ROOT levn@0.4.1 OK for: @eslint/plugin-kit@0.4.1 want: ^0.4.1
824 silly fetch manifest type-check@~0.4.0
825 silly packumentCache full:https://registry.npmjs.org/type-check cache-miss
826 http fetch GET 200 https://registry.npmjs.org/type-check 2ms (cache hit)
827 silly packumentCache full:https://registry.npmjs.org/type-check set size:21221 disposed:false
828 silly placeDep ROOT @humanfs/core@0.19.1 OK for: @humanfs/node@0.16.7 want: ^0.19.1
829 silly placeDep ROOT fast-json-stable-stringify@2.1.0 OK for: ajv@6.14.0 want: ^2.0.0
830 silly placeDep ROOT json-schema-traverse@0.4.1 OK for: ajv@6.14.0 want: ^0.4.1
831 silly placeDep ROOT uri-js@4.4.1 OK for: ajv@6.14.0 want: ^4.2.2
832 silly fetch manifest punycode@^2.1.0
833 silly packumentCache full:https://registry.npmjs.org/punycode cache-miss
834 http fetch GET 200 https://registry.npmjs.org/punycode 300ms (cache miss)
835 silly packumentCache full:https://registry.npmjs.org/punycode set size:undefined disposed:false
836 silly placeDep ROOT ansi-styles@4.3.0 OK for: chalk@4.1.2 want: ^4.1.0
837 silly placeDep ROOT supports-color@7.2.0 OK for: chalk@4.1.2 want: ^7.1.0
838 silly fetch manifest color-convert@^2.0.1
839 silly packumentCache full:https://registry.npmjs.org/color-convert cache-miss
840 silly fetch manifest has-flag@^4.0.0
841 silly packumentCache full:https://registry.npmjs.org/has-flag cache-miss
842 http fetch GET 200 https://registry.npmjs.org/has-flag 285ms (cache miss)
843 silly packumentCache full:https://registry.npmjs.org/has-flag set size:undefined disposed:false
844 http fetch GET 200 https://registry.npmjs.org/color-convert 306ms (cache miss)
845 silly packumentCache full:https://registry.npmjs.org/color-convert set size:undefined disposed:false
846 silly placeDep ROOT color-convert@2.0.1 OK for: ansi-styles@4.3.0 want: ^2.0.1
847 silly fetch manifest color-name@~1.1.4
848 silly packumentCache full:https://registry.npmjs.org/color-name cache-miss
849 http fetch GET 200 https://registry.npmjs.org/color-name 292ms (cache miss)
850 silly packumentCache full:https://registry.npmjs.org/color-name set size:undefined disposed:false
851 silly placeDep ROOT color-name@1.1.4 OK for: color-convert@2.0.1 want: ~1.1.4
852 silly placeDep ROOT path-key@3.1.1 OK for: cross-spawn@7.0.6 want: ^3.1.0
853 silly placeDep ROOT shebang-command@2.0.0 OK for: cross-spawn@7.0.6 want: ^2.0.0
854 silly placeDep ROOT which@2.0.2 OK for: cross-spawn@7.0.6 want: ^2.0.1
855 silly fetch manifest shebang-regex@^3.0.0
856 silly packumentCache full:https://registry.npmjs.org/shebang-regex cache-miss
857 silly fetch manifest isexe@^2.0.0
858 silly packumentCache full:https://registry.npmjs.org/isexe cache-miss
859 http fetch GET 200 https://registry.npmjs.org/isexe 292ms (cache miss)
860 silly packumentCache full:https://registry.npmjs.org/isexe set size:undefined disposed:false
861 http fetch GET 200 https://registry.npmjs.org/shebang-regex 295ms (cache miss)
862 silly packumentCache full:https://registry.npmjs.org/shebang-regex set size:undefined disposed:false
863 silly placeDep ROOT hermes-parser@0.25.1 OK for: eslint-plugin-react-hooks@7.0.1 want: ^0.25.1
864 silly placeDep ROOT zod@4.3.6 OK for: eslint-plugin-react-hooks@7.0.1 want: ^3.25.0 || ^4.0.0
865 silly placeDep ROOT zod-validation-error@4.0.2 OK for: eslint-plugin-react-hooks@7.0.1 want: ^3.5.0 || ^4.0.0
866 silly fetch manifest hermes-estree@0.25.1
867 silly packumentCache full:https://registry.npmjs.org/hermes-estree cache-miss
868 http fetch GET 200 https://registry.npmjs.org/hermes-estree 295ms (cache miss)
869 silly packumentCache full:https://registry.npmjs.org/hermes-estree set size:undefined disposed:false
870 silly placeDep ROOT esrecurse@4.3.0 OK for: eslint-scope@8.4.0 want: ^4.3.0
871 silly placeDep ROOT estraverse@5.3.0 OK for: eslint-scope@8.4.0 want: ^5.2.0
872 silly placeDep ROOT acorn@8.16.0 OK for: espree@10.4.0 want: ^8.15.0
873 silly placeDep ROOT acorn-jsx@5.3.2 OK for: espree@10.4.0 want: ^5.3.2
874 silly placeDep ROOT flat-cache@4.0.1 OK for: file-entry-cache@8.0.0 want: ^4.0.0
875 silly fetch manifest keyv@^4.5.4
876 silly packumentCache full:https://registry.npmjs.org/keyv cache-miss
877 silly fetch manifest flatted@^3.2.9
878 silly packumentCache full:https://registry.npmjs.org/flatted cache-miss
879 http fetch GET 200 https://registry.npmjs.org/flatted 79ms (cache miss)
880 silly packumentCache full:https://registry.npmjs.org/flatted set size:undefined disposed:false
881 http fetch GET 200 https://registry.npmjs.org/keyv 81ms (cache miss)
882 silly packumentCache full:https://registry.npmjs.org/keyv set size:undefined disposed:false
883 silly placeDep ROOT locate-path@6.0.0 OK for: find-up@5.0.0 want: ^6.0.0
884 silly placeDep ROOT path-exists@4.0.0 OK for: find-up@5.0.0 want: ^4.0.0
885 silly fetch manifest p-locate@^5.0.0
886 silly packumentCache full:https://registry.npmjs.org/p-locate cache-miss
887 http fetch GET 200 https://registry.npmjs.org/p-locate 275ms (cache miss)
888 silly packumentCache full:https://registry.npmjs.org/p-locate set size:undefined disposed:false
889 silly placeDep ROOT flatted@3.3.4 OK for: flat-cache@4.0.1 want: ^3.2.9
890 silly placeDep ROOT keyv@4.5.4 OK for: flat-cache@4.0.1 want: ^4.5.4
891 silly fetch manifest json-buffer@3.0.1
892 silly packumentCache full:https://registry.npmjs.org/json-buffer cache-miss
893 http fetch GET 200 https://registry.npmjs.org/json-buffer 68ms (cache miss)
894 silly packumentCache full:https://registry.npmjs.org/json-buffer set size:undefined disposed:false
895 silly placeDep ROOT hermes-estree@0.25.1 OK for: hermes-parser@0.25.1 want: 0.25.1
896 silly placeDep ROOT parent-module@1.0.1 OK for: import-fresh@3.3.1 want: ^1.0.0
897 silly placeDep ROOT resolve-from@4.0.0 OK for: import-fresh@3.3.1 want: ^4.0.0
898 silly fetch manifest callsites@^3.0.0
899 silly packumentCache full:https://registry.npmjs.org/callsites cache-miss
900 http fetch GET 200 https://registry.npmjs.org/callsites 297ms (cache miss)
901 silly packumentCache full:https://registry.npmjs.org/callsites set size:undefined disposed:false
902 silly placeDep ROOT is-extglob@2.1.1 OK for: is-glob@4.0.3 want: ^2.1.1
903 silly placeDep ROOT argparse@2.0.1 OK for: js-yaml@4.1.1 want: ^2.0.1
904 silly placeDep ROOT json-buffer@3.0.1 OK for: keyv@4.5.4 want: 3.0.1
905 silly placeDep ROOT prelude-ls@1.2.1 OK for: levn@0.4.1 want: ^1.2.1
906 silly placeDep ROOT type-check@0.4.0 OK for: levn@0.4.1 want: ~0.4.0
907 silly placeDep ROOT p-locate@5.0.0 OK for: locate-path@6.0.0 want: ^5.0.0
908 silly fetch manifest p-limit@^3.0.2
909 silly packumentCache full:https://registry.npmjs.org/p-limit cache-miss
910 http fetch GET 200 https://registry.npmjs.org/p-limit 54ms (cache miss)
911 silly packumentCache full:https://registry.npmjs.org/p-limit set size:undefined disposed:false
912 silly placeDep ROOT yallist@3.1.1 OK for: lru-cache@5.1.1 want: ^3.0.2
913 silly placeDep ROOT brace-expansion@1.1.12 OK for: minimatch@3.1.5 want: ^1.1.7
914 silly fetch manifest concat-map@0.0.1
915 silly packumentCache full:https://registry.npmjs.org/concat-map cache-miss
916 silly fetch manifest balanced-match@^1.0.0
917 silly packumentCache full:https://registry.npmjs.org/balanced-match cache-miss
918 http fetch GET 200 https://registry.npmjs.org/balanced-match 91ms (cache miss)
919 silly packumentCache full:https://registry.npmjs.org/balanced-match set size:undefined disposed:false
920 http fetch GET 200 https://registry.npmjs.org/concat-map 282ms (cache miss)
921 silly packumentCache full:https://registry.npmjs.org/concat-map set size:undefined disposed:false
922 silly placeDep ROOT balanced-match@1.0.2 OK for: brace-expansion@1.1.12 want: ^1.0.0
923 silly placeDep ROOT concat-map@0.0.1 OK for: brace-expansion@1.1.12 want: 0.0.1
924 silly placeDep ROOT deep-is@0.1.4 OK for: optionator@0.9.4 want: ^0.1.3
925 silly placeDep ROOT fast-levenshtein@2.0.6 OK for: optionator@0.9.4 want: ^2.0.6
926 silly placeDep ROOT word-wrap@1.2.5 OK for: optionator@0.9.4 want: ^1.2.5
927 silly placeDep ROOT p-limit@3.1.0 OK for: p-locate@5.0.0 want: ^3.0.2
928 silly fetch manifest yocto-queue@^0.1.0
929 silly packumentCache full:https://registry.npmjs.org/yocto-queue cache-miss
930 http fetch GET 200 https://registry.npmjs.org/yocto-queue 91ms (cache miss)
931 silly packumentCache full:https://registry.npmjs.org/yocto-queue set size:undefined disposed:false
932 silly placeDep ROOT yocto-queue@0.1.0 OK for: p-limit@3.1.0 want: ^0.1.0
933 silly placeDep ROOT callsites@3.1.0 OK for: parent-module@1.0.1 want: ^3.0.0
934 silly placeDep ROOT scheduler@0.27.0 OK for: react-dom@19.2.4 want: ^0.27.0
935 silly placeDep ROOT shebang-regex@3.0.0 OK for: shebang-command@2.0.0 want: ^3.0.0
936 silly placeDep ROOT has-flag@4.0.0 OK for: supports-color@7.2.0 want: ^4.0.0
937 silly fetch manifest eslint@^8.57.0 || ^9.0.0 || ^10.0.0
938 silly packumentCache full:https://registry.npmjs.org/eslint cache-miss
939 http fetch GET 200 https://registry.npmjs.org/eslint 7ms (cache hit)
940 silly packumentCache full:https://registry.npmjs.org/eslint set size:1949488 disposed:false
941 silly fetch manifest typescript@>=4.8.4 <6.0.0
942 silly packumentCache full:https://registry.npmjs.org/typescript cache-miss
943 http fetch GET 200 https://registry.npmjs.org/typescript 19ms (cache hit)
944 silly packumentCache full:https://registry.npmjs.org/typescript set size:15321314 disposed:false
945 silly placeDep ROOT @typescript-eslint/eslint-plugin@8.56.1 OK for: typescript-eslint@8.56.1 want: 8.56.1
946 silly placeDep ROOT @typescript-eslint/parser@8.56.1 OK for: @typescript-eslint/eslint-plugin@8.56.1 want: ^8.56.1
947 silly placeDep ROOT @typescript-eslint/typescript-estree@8.56.1 OK for: typescript-eslint@8.56.1 want: 8.56.1
948 silly placeDep ROOT @typescript-eslint/utils@8.56.1 OK for: typescript-eslint@8.56.1 want: 8.56.1
949 silly fetch manifest ignore@^7.0.5
950 silly packumentCache full:https://registry.npmjs.org/ignore cache-miss
951 silly fetch manifest ts-api-utils@^2.4.0
952 silly packumentCache full:https://registry.npmjs.org/ts-api-utils cache-miss
953 silly fetch manifest @typescript-eslint/type-utils@8.56.1
954 silly packumentCache full:https://registry.npmjs.org/@typescript-eslint%2ftype-utils cache-miss
955 silly fetch manifest @typescript-eslint/visitor-keys@8.56.1
956 silly packumentCache full:https://registry.npmjs.org/@typescript-eslint%2fvisitor-keys cache-miss
957 silly fetch manifest @typescript-eslint/scope-manager@8.56.1
958 silly packumentCache full:https://registry.npmjs.org/@typescript-eslint%2fscope-manager cache-miss
959 silly fetch manifest @typescript-eslint/types@8.56.1
960 silly packumentCache full:https://registry.npmjs.org/@typescript-eslint%2ftypes cache-miss
961 silly fetch manifest @typescript-eslint/visitor-keys@8.56.1
962 silly packumentCache full:https://registry.npmjs.org/@typescript-eslint%2fvisitor-keys cache-miss
963 http fetch GET 200 https://registry.npmjs.org/ignore 6ms (cache hit)
964 silly packumentCache full:https://registry.npmjs.org/ignore set size:237380 disposed:false
965 silly fetch manifest @typescript-eslint/scope-manager@8.56.1
966 silly packumentCache full:https://registry.npmjs.org/@typescript-eslint%2fscope-manager cache-miss
967 http fetch GET 200 https://registry.npmjs.org/ts-api-utils 69ms (cache miss)
968 silly packumentCache full:https://registry.npmjs.org/ts-api-utils set size:undefined disposed:false
969 silly fetch manifest semver@^7.7.3
970 silly packumentCache full:https://registry.npmjs.org/semver cache-miss
971 http fetch GET 200 https://registry.npmjs.org/semver 2ms (cache hit)
972 silly packumentCache full:https://registry.npmjs.org/semver set size:229678 disposed:false
973 silly fetch manifest minimatch@^10.2.2
974 silly packumentCache full:https://registry.npmjs.org/minimatch cache-hit
975 silly fetch manifest @typescript-eslint/types@8.56.1
976 silly packumentCache full:https://registry.npmjs.org/@typescript-eslint%2ftypes cache-miss
977 http fetch GET 200 https://registry.npmjs.org/@typescript-eslint%2fvisitor-keys 1299ms (cache miss)
978 silly packumentCache full:https://registry.npmjs.org/@typescript-eslint%2fvisitor-keys set size:undefined disposed:false
979 silly fetch manifest @typescript-eslint/tsconfig-utils@8.56.1
980 silly packumentCache full:https://registry.npmjs.org/@typescript-eslint%2ftsconfig-utils cache-miss
981 http fetch GET 200 https://registry.npmjs.org/@typescript-eslint%2fscope-manager 1371ms (cache miss)
982 silly packumentCache full:https://registry.npmjs.org/@typescript-eslint%2fscope-manager set size:undefined disposed:false
983 silly fetch manifest @typescript-eslint/project-service@8.56.1
984 silly packumentCache full:https://registry.npmjs.org/@typescript-eslint%2fproject-service cache-miss
985 http fetch GET 200 https://registry.npmjs.org/@typescript-eslint%2fvisitor-keys 1447ms (cache miss)
986 silly packumentCache full:https://registry.npmjs.org/@typescript-eslint%2fvisitor-keys set size:undefined disposed:false
987 silly fetch manifest @typescript-eslint/types@8.56.1
988 silly packumentCache full:https://registry.npmjs.org/@typescript-eslint%2ftypes cache-miss
989 http fetch GET 200 https://registry.npmjs.org/@typescript-eslint%2ftypes 1419ms (cache miss)
990 silly packumentCache full:https://registry.npmjs.org/@typescript-eslint%2ftypes set size:undefined disposed:false
991 http fetch GET 200 https://registry.npmjs.org/@typescript-eslint%2ftsconfig-utils 262ms (cache miss)
992 silly packumentCache full:https://registry.npmjs.org/@typescript-eslint%2ftsconfig-utils set size:undefined disposed:false
993 http fetch GET 200 https://registry.npmjs.org/@typescript-eslint%2fproject-service 300ms (cache miss)
994 silly packumentCache full:https://registry.npmjs.org/@typescript-eslint%2fproject-service set size:undefined disposed:false
995 http fetch GET 200 https://registry.npmjs.org/@typescript-eslint%2ftypes 1777ms (cache miss)
996 silly packumentCache full:https://registry.npmjs.org/@typescript-eslint%2ftypes set size:undefined disposed:false
997 http fetch GET 200 https://registry.npmjs.org/@typescript-eslint%2ftype-utils 1827ms (cache miss)
998 silly packumentCache full:https://registry.npmjs.org/@typescript-eslint%2ftype-utils set size:undefined disposed:false
999 http fetch GET 200 https://registry.npmjs.org/@typescript-eslint%2fscope-manager 1879ms (cache miss)
1000 silly packumentCache full:https://registry.npmjs.org/@typescript-eslint%2fscope-manager set size:undefined disposed:false
1001 http fetch GET 200 https://registry.npmjs.org/@typescript-eslint%2ftypes 485ms (cache miss)
1002 silly packumentCache full:https://registry.npmjs.org/@typescript-eslint%2ftypes set size:undefined disposed:false
1003 silly placeDep ROOT @typescript-eslint/scope-manager@8.56.1 OK for: @typescript-eslint/eslint-plugin@8.56.1 want: 8.56.1
1004 silly placeDep ROOT @typescript-eslint/type-utils@8.56.1 OK for: @typescript-eslint/eslint-plugin@8.56.1 want: 8.56.1
1005 silly placeDep ROOT @typescript-eslint/visitor-keys@8.56.1 OK for: @typescript-eslint/eslint-plugin@8.56.1 want: 8.56.1
1006 silly placeDep node_modules/@typescript-eslint/eslint-plugin ignore@7.0.5 OK for: @typescript-eslint/eslint-plugin@8.56.1 want: ^7.0.5
1007 silly placeDep ROOT ts-api-utils@2.4.0 OK for: @typescript-eslint/eslint-plugin@8.56.1 want: ^2.4.0
1008 silly fetch manifest eslint-visitor-keys@^5.0.0
1009 silly packumentCache full:https://registry.npmjs.org/eslint-visitor-keys cache-hit
1010 silly placeDep ROOT @typescript-eslint/types@8.56.1 OK for: @typescript-eslint/parser@8.56.1 want: 8.56.1
1011 silly placeDep ROOT @typescript-eslint/project-service@8.56.1 OK for: @typescript-eslint/typescript-estree@8.56.1 want: 8.56.1
1012 silly placeDep ROOT @typescript-eslint/tsconfig-utils@8.56.1 OK for: @typescript-eslint/typescript-estree@8.56.1 want: 8.56.1
1013 silly placeDep node_modules/@typescript-eslint/typescript-estree minimatch@10.2.4 OK for: @typescript-eslint/typescript-estree@8.56.1 want: ^10.2.2
1014 silly placeDep node_modules/@typescript-eslint/typescript-estree semver@7.7.4 OK for: @typescript-eslint/typescript-estree@8.56.1 want: ^7.7.3
1015 silly placeDep ROOT tinyglobby@0.2.15 OK for: @typescript-eslint/typescript-estree@8.56.1 want: ^0.2.15
1016 silly fetch manifest @typescript-eslint/tsconfig-utils@^8.56.1
1017 silly packumentCache full:https://registry.npmjs.org/@typescript-eslint%2ftsconfig-utils cache-miss
1018 silly fetch manifest brace-expansion@^5.0.2
1019 silly packumentCache full:https://registry.npmjs.org/brace-expansion cache-miss
1020 http fetch GET 200 https://registry.npmjs.org/brace-expansion 3ms (cache hit)
1021 silly packumentCache full:https://registry.npmjs.org/brace-expansion set size:55744 disposed:false
1022 http fetch GET 200 https://registry.npmjs.org/@typescript-eslint%2ftsconfig-utils 5ms (cache hit)
1023 silly packumentCache full:https://registry.npmjs.org/@typescript-eslint%2ftsconfig-utils set size:917757 disposed:false
1024 silly placeDep node_modules/@typescript-eslint/visitor-keys eslint-visitor-keys@5.0.1 OK for: @typescript-eslint/visitor-keys@8.56.1 want: ^5.0.0
1025 silly placeDep ROOT fdir@6.5.0 OK for: tinyglobby@0.2.15 want: ^6.5.0
1026 silly placeDep ROOT picomatch@4.0.3 OK for: tinyglobby@0.2.15 want: ^4.0.3
1027 silly placeDep ROOT escalade@3.2.0 OK for: update-browserslist-db@1.2.3 want: ^3.2.0
1028 silly placeDep ROOT punycode@2.3.1 OK for: uri-js@4.4.1 want: ^2.1.0
1029 silly placeDep ROOT esbuild@0.27.3 OK for: vite@7.3.1 want: ^0.27.0
1030 silly placeDep ROOT fsevents@2.3.3 OK for: vite@7.3.1 want: ~2.3.3
1031 silly placeDep ROOT postcss@8.5.8 OK for: vite@7.3.1 want: ^8.5.6
1032 silly placeDep ROOT rollup@4.59.0 OK for: vite@7.3.1 want: ^4.43.0
1033 silly fetch manifest @esbuild/aix-ppc64@0.27.3
1034 silly packumentCache full:https://registry.npmjs.org/@esbuild%2faix-ppc64 cache-miss
1035 silly fetch manifest @esbuild/android-arm@0.27.3
1036 silly packumentCache full:https://registry.npmjs.org/@esbuild%2fandroid-arm cache-miss
1037 silly fetch manifest @esbuild/android-arm64@0.27.3
1038 silly packumentCache full:https://registry.npmjs.org/@esbuild%2fandroid-arm64 cache-miss
1039 silly fetch manifest @esbuild/android-x64@0.27.3
1040 silly packumentCache full:https://registry.npmjs.org/@esbuild%2fandroid-x64 cache-miss
1041 silly fetch manifest @esbuild/darwin-arm64@0.27.3
1042 silly packumentCache full:https://registry.npmjs.org/@esbuild%2fdarwin-arm64 cache-miss
1043 silly fetch manifest @esbuild/darwin-x64@0.27.3
1044 silly packumentCache full:https://registry.npmjs.org/@esbuild%2fdarwin-x64 cache-miss
1045 silly fetch manifest @esbuild/freebsd-arm64@0.27.3
1046 silly packumentCache full:https://registry.npmjs.org/@esbuild%2ffreebsd-arm64 cache-miss
1047 http fetch GET 200 https://registry.npmjs.org/@esbuild%2fandroid-arm 713ms (cache miss)
1048 silly packumentCache full:https://registry.npmjs.org/@esbuild%2fandroid-arm set size:undefined disposed:false
1049 silly fetch manifest @esbuild/freebsd-x64@0.27.3
1050 silly packumentCache full:https://registry.npmjs.org/@esbuild%2ffreebsd-x64 cache-miss
1051 http fetch GET 200 https://registry.npmjs.org/@esbuild%2fandroid-arm64 717ms (cache miss)
1052 silly packumentCache full:https://registry.npmjs.org/@esbuild%2fandroid-arm64 set size:undefined disposed:false
1053 silly fetch manifest @esbuild/linux-arm@0.27.3
1054 silly packumentCache full:https://registry.npmjs.org/@esbuild%2flinux-arm cache-miss
1055 http fetch GET 200 https://registry.npmjs.org/@esbuild%2fdarwin-x64 732ms (cache miss)
1056 silly packumentCache full:https://registry.npmjs.org/@esbuild%2fdarwin-x64 set size:undefined disposed:false
1057 silly fetch manifest @esbuild/linux-arm64@0.27.3
1058 silly packumentCache full:https://registry.npmjs.org/@esbuild%2flinux-arm64 cache-miss
1059 http fetch GET 200 https://registry.npmjs.org/@esbuild%2fdarwin-arm64 736ms (cache miss)
1060 silly packumentCache full:https://registry.npmjs.org/@esbuild%2fdarwin-arm64 set size:undefined disposed:false
1061 silly fetch manifest @esbuild/linux-ia32@0.27.3
1062 silly packumentCache full:https://registry.npmjs.org/@esbuild%2flinux-ia32 cache-miss
1063 http fetch GET 200 https://registry.npmjs.org/@esbuild%2fandroid-x64 770ms (cache miss)
1064 silly packumentCache full:https://registry.npmjs.org/@esbuild%2fandroid-x64 set size:undefined disposed:false
1065 silly fetch manifest @esbuild/linux-loong64@0.27.3
1066 silly packumentCache full:https://registry.npmjs.org/@esbuild%2flinux-loong64 cache-miss
1067 http fetch GET 200 https://registry.npmjs.org/@esbuild%2ffreebsd-arm64 984ms (cache miss)
1068 silly packumentCache full:https://registry.npmjs.org/@esbuild%2ffreebsd-arm64 set size:undefined disposed:false
1069 silly fetch manifest @esbuild/linux-mips64el@0.27.3
1070 silly packumentCache full:https://registry.npmjs.org/@esbuild%2flinux-mips64el cache-miss
1071 http fetch GET 200 https://registry.npmjs.org/@esbuild%2faix-ppc64 993ms (cache miss)
1072 silly packumentCache full:https://registry.npmjs.org/@esbuild%2faix-ppc64 set size:undefined disposed:false
1073 silly fetch manifest @esbuild/linux-ppc64@0.27.3
1074 silly packumentCache full:https://registry.npmjs.org/@esbuild%2flinux-ppc64 cache-miss
1075 http fetch GET 200 https://registry.npmjs.org/@esbuild%2ffreebsd-x64 726ms (cache miss)
1076 silly packumentCache full:https://registry.npmjs.org/@esbuild%2ffreebsd-x64 set size:undefined disposed:false
1077 silly fetch manifest @esbuild/linux-riscv64@0.27.3
1078 silly packumentCache full:https://registry.npmjs.org/@esbuild%2flinux-riscv64 cache-miss
1079 http fetch GET 200 https://registry.npmjs.org/@esbuild%2flinux-arm 726ms (cache miss)
1080 silly packumentCache full:https://registry.npmjs.org/@esbuild%2flinux-arm set size:undefined disposed:false
1081 silly fetch manifest @esbuild/linux-s390x@0.27.3
1082 silly packumentCache full:https://registry.npmjs.org/@esbuild%2flinux-s390x cache-miss
1083 http fetch GET 200 https://registry.npmjs.org/@esbuild%2flinux-loong64 711ms (cache miss)
1084 silly packumentCache full:https://registry.npmjs.org/@esbuild%2flinux-loong64 set size:undefined disposed:false
1085 silly fetch manifest @esbuild/linux-x64@0.27.3
1086 silly packumentCache full:https://registry.npmjs.org/@esbuild%2flinux-x64 cache-miss
1087 http fetch GET 200 https://registry.npmjs.org/@esbuild%2flinux-ia32 751ms (cache miss)
1088 silly packumentCache full:https://registry.npmjs.org/@esbuild%2flinux-ia32 set size:undefined disposed:false
1089 silly fetch manifest @esbuild/netbsd-arm64@0.27.3
1090 silly packumentCache full:https://registry.npmjs.org/@esbuild%2fnetbsd-arm64 cache-miss
1091 http fetch GET 200 https://registry.npmjs.org/@esbuild%2flinux-ppc64 737ms (cache miss)
1092 silly packumentCache full:https://registry.npmjs.org/@esbuild%2flinux-ppc64 set size:undefined disposed:false
1093 silly fetch manifest @esbuild/netbsd-x64@0.27.3
1094 silly packumentCache full:https://registry.npmjs.org/@esbuild%2fnetbsd-x64 cache-miss
1095 http fetch GET 200 https://registry.npmjs.org/@esbuild%2flinux-arm64 1145ms (cache miss)
1096 silly packumentCache full:https://registry.npmjs.org/@esbuild%2flinux-arm64 set size:undefined disposed:false
1097 silly fetch manifest @esbuild/openbsd-arm64@0.27.3
1098 silly packumentCache full:https://registry.npmjs.org/@esbuild%2fopenbsd-arm64 cache-miss
1099 http fetch GET 200 https://registry.npmjs.org/@esbuild%2flinux-mips64el 1130ms (cache miss)
1100 silly packumentCache full:https://registry.npmjs.org/@esbuild%2flinux-mips64el set size:undefined disposed:false
1101 silly fetch manifest @esbuild/openbsd-x64@0.27.3
1102 silly packumentCache full:https://registry.npmjs.org/@esbuild%2fopenbsd-x64 cache-miss
1103 http fetch GET 200 https://registry.npmjs.org/@esbuild%2flinux-s390x 694ms (cache miss)
1104 silly packumentCache full:https://registry.npmjs.org/@esbuild%2flinux-s390x set size:undefined disposed:false
1105 silly fetch manifest @esbuild/openharmony-arm64@0.27.3
1106 silly packumentCache full:https://registry.npmjs.org/@esbuild%2fopenharmony-arm64 cache-miss
1107 http fetch GET 200 https://registry.npmjs.org/@esbuild%2flinux-x64 685ms (cache miss)
1108 silly packumentCache full:https://registry.npmjs.org/@esbuild%2flinux-x64 set size:undefined disposed:false
1109 silly fetch manifest @esbuild/sunos-x64@0.27.3
1110 silly packumentCache full:https://registry.npmjs.org/@esbuild%2fsunos-x64 cache-miss
1111 http fetch GET 200 https://registry.npmjs.org/@esbuild%2fnetbsd-arm64 775ms (cache miss)
1112 silly packumentCache full:https://registry.npmjs.org/@esbuild%2fnetbsd-arm64 set size:undefined disposed:false
1113 silly fetch manifest @esbuild/win32-arm64@0.27.3
1114 silly packumentCache full:https://registry.npmjs.org/@esbuild%2fwin32-arm64 cache-miss
1115 http fetch GET 200 https://registry.npmjs.org/@esbuild%2fnetbsd-x64 698ms (cache miss)
1116 silly packumentCache full:https://registry.npmjs.org/@esbuild%2fnetbsd-x64 set size:undefined disposed:false
1117 silly fetch manifest @esbuild/win32-ia32@0.27.3
1118 silly packumentCache full:https://registry.npmjs.org/@esbuild%2fwin32-ia32 cache-miss
1119 http fetch GET 200 https://registry.npmjs.org/@esbuild%2flinux-riscv64 1173ms (cache miss)
1120 silly packumentCache full:https://registry.npmjs.org/@esbuild%2flinux-riscv64 set size:undefined disposed:false
1121 silly fetch manifest @esbuild/win32-x64@0.27.3
1122 silly packumentCache full:https://registry.npmjs.org/@esbuild%2fwin32-x64 cache-miss
1123 http fetch GET 200 https://registry.npmjs.org/@esbuild%2fopenbsd-arm64 738ms (cache miss)
1124 silly packumentCache full:https://registry.npmjs.org/@esbuild%2fopenbsd-arm64 set size:undefined disposed:false
1125 silly fetch manifest nanoid@^3.3.11
1126 silly packumentCache full:https://registry.npmjs.org/nanoid cache-miss
1127 http fetch GET 200 https://registry.npmjs.org/nanoid 100ms (cache miss)
1128 silly packumentCache full:https://registry.npmjs.org/nanoid set size:undefined disposed:false
1129 silly fetch manifest source-map-js@^1.2.1
1130 silly packumentCache full:https://registry.npmjs.org/source-map-js cache-miss
1131 http fetch GET 200 https://registry.npmjs.org/source-map-js 80ms (cache miss)
1132 silly packumentCache full:https://registry.npmjs.org/source-map-js set size:undefined disposed:false
1133 silly fetch manifest @rollup/rollup-darwin-arm64@4.59.0
1134 silly packumentCache full:https://registry.npmjs.org/@rollup%2frollup-darwin-arm64 cache-miss
1135 http fetch GET 200 https://registry.npmjs.org/@esbuild%2fopenharmony-arm64 690ms (cache miss)
1136 silly packumentCache full:https://registry.npmjs.org/@esbuild%2fopenharmony-arm64 set size:undefined disposed:false
1137 silly fetch manifest @rollup/rollup-android-arm64@4.59.0
1138 silly packumentCache full:https://registry.npmjs.org/@rollup%2frollup-android-arm64 cache-miss
1139 http fetch GET 200 https://registry.npmjs.org/@esbuild%2fopenbsd-x64 799ms (cache miss)
1140 silly packumentCache full:https://registry.npmjs.org/@esbuild%2fopenbsd-x64 set size:undefined disposed:false
1141 silly fetch manifest @rollup/rollup-win32-arm64-msvc@4.59.0
1142 silly packumentCache full:https://registry.npmjs.org/@rollup%2frollup-win32-arm64-msvc cache-miss
1143 http fetch GET 200 https://registry.npmjs.org/@esbuild%2fsunos-x64 762ms (cache miss)
1144 silly packumentCache full:https://registry.npmjs.org/@esbuild%2fsunos-x64 set size:undefined disposed:false
1145 silly fetch manifest @rollup/rollup-freebsd-arm64@4.59.0
1146 silly packumentCache full:https://registry.npmjs.org/@rollup%2frollup-freebsd-arm64 cache-miss
1147 http fetch GET 200 https://registry.npmjs.org/@esbuild%2fwin32-arm64 705ms (cache miss)
1148 silly packumentCache full:https://registry.npmjs.org/@esbuild%2fwin32-arm64 set size:undefined disposed:false
1149 silly fetch manifest @rollup/rollup-linux-arm64-gnu@4.59.0
1150 silly packumentCache full:https://registry.npmjs.org/@rollup%2frollup-linux-arm64-gnu cache-miss
1151 http fetch GET 200 https://registry.npmjs.org/@esbuild%2fwin32-x64 711ms (cache miss)
1152 silly packumentCache full:https://registry.npmjs.org/@esbuild%2fwin32-x64 set size:undefined disposed:false
1153 silly fetch manifest @rollup/rollup-linux-arm64-musl@4.59.0
1154 silly packumentCache full:https://registry.npmjs.org/@rollup%2frollup-linux-arm64-musl cache-miss
1155 http fetch GET 200 https://registry.npmjs.org/@esbuild%2fwin32-ia32 1036ms (cache miss)
1156 silly packumentCache full:https://registry.npmjs.org/@esbuild%2fwin32-ia32 set size:undefined disposed:false
1157 silly fetch manifest @rollup/rollup-android-arm-eabi@4.59.0
1158 silly packumentCache full:https://registry.npmjs.org/@rollup%2frollup-android-arm-eabi cache-miss
1159 http fetch GET 200 https://registry.npmjs.org/@rollup%2frollup-android-arm64 708ms (cache miss)
1160 silly packumentCache full:https://registry.npmjs.org/@rollup%2frollup-android-arm64 set size:undefined disposed:false
1161 silly fetch manifest @rollup/rollup-linux-arm-gnueabihf@4.59.0
1162 silly packumentCache full:https://registry.npmjs.org/@rollup%2frollup-linux-arm-gnueabihf cache-miss
1163 http fetch GET 200 https://registry.npmjs.org/@rollup%2frollup-darwin-arm64 850ms (cache miss)
1164 silly packumentCache full:https://registry.npmjs.org/@rollup%2frollup-darwin-arm64 set size:undefined disposed:false
1165 silly fetch manifest @rollup/rollup-linux-arm-musleabihf@4.59.0
1166 silly packumentCache full:https://registry.npmjs.org/@rollup%2frollup-linux-arm-musleabihf cache-miss
1167 http fetch GET 200 https://registry.npmjs.org/@rollup%2frollup-win32-arm64-msvc 867ms (cache miss)
1168 silly packumentCache full:https://registry.npmjs.org/@rollup%2frollup-win32-arm64-msvc set size:undefined disposed:false
1169 silly fetch manifest @rollup/rollup-win32-ia32-msvc@4.59.0
1170 silly packumentCache full:https://registry.npmjs.org/@rollup%2frollup-win32-ia32-msvc cache-miss
1171 http fetch GET 200 https://registry.npmjs.org/@rollup%2frollup-freebsd-arm64 874ms (cache miss)
1172 silly packumentCache full:https://registry.npmjs.org/@rollup%2frollup-freebsd-arm64 set size:undefined disposed:false
1173 silly fetch manifest @rollup/rollup-linux-loong64-gnu@4.59.0
1174 silly packumentCache full:https://registry.npmjs.org/@rollup%2frollup-linux-loong64-gnu cache-miss
1175 http fetch GET 200 https://registry.npmjs.org/@rollup%2frollup-android-arm-eabi 841ms (cache miss)
1176 silly packumentCache full:https://registry.npmjs.org/@rollup%2frollup-android-arm-eabi set size:undefined disposed:false
1177 silly fetch manifest @rollup/rollup-linux-loong64-musl@4.59.0
1178 silly packumentCache full:https://registry.npmjs.org/@rollup%2frollup-linux-loong64-musl cache-miss
1179 http fetch GET 200 https://registry.npmjs.org/@rollup%2frollup-linux-arm-gnueabihf 786ms (cache miss)
1180 silly packumentCache full:https://registry.npmjs.org/@rollup%2frollup-linux-arm-gnueabihf set size:undefined disposed:false
1181 silly fetch manifest @rollup/rollup-linux-riscv64-gnu@4.59.0
1182 silly packumentCache full:https://registry.npmjs.org/@rollup%2frollup-linux-riscv64-gnu cache-miss
1183 http fetch GET 200 https://registry.npmjs.org/@rollup%2frollup-linux-arm-musleabihf 720ms (cache miss)
1184 silly packumentCache full:https://registry.npmjs.org/@rollup%2frollup-linux-arm-musleabihf set size:undefined disposed:false
1185 silly fetch manifest @rollup/rollup-linux-riscv64-musl@4.59.0
1186 silly packumentCache full:https://registry.npmjs.org/@rollup%2frollup-linux-riscv64-musl cache-miss
1187 http fetch GET 200 https://registry.npmjs.org/@rollup%2frollup-linux-arm64-musl 1130ms (cache miss)
1188 silly packumentCache full:https://registry.npmjs.org/@rollup%2frollup-linux-arm64-musl set size:undefined disposed:false
1189 silly fetch manifest @rollup/rollup-linux-ppc64-gnu@4.59.0
1190 silly packumentCache full:https://registry.npmjs.org/@rollup%2frollup-linux-ppc64-gnu cache-miss
1191 http fetch GET 200 https://registry.npmjs.org/@rollup%2frollup-win32-ia32-msvc 726ms (cache miss)
1192 silly packumentCache full:https://registry.npmjs.org/@rollup%2frollup-win32-ia32-msvc set size:undefined disposed:false
1193 silly fetch manifest @rollup/rollup-linux-ppc64-musl@4.59.0
1194 silly packumentCache full:https://registry.npmjs.org/@rollup%2frollup-linux-ppc64-musl cache-miss
1195 http fetch GET 200 https://registry.npmjs.org/@rollup%2frollup-linux-loong64-gnu 760ms (cache miss)
1196 silly packumentCache full:https://registry.npmjs.org/@rollup%2frollup-linux-loong64-gnu set size:undefined disposed:false
1197 silly fetch manifest @rollup/rollup-linux-s390x-gnu@4.59.0
1198 silly packumentCache full:https://registry.npmjs.org/@rollup%2frollup-linux-s390x-gnu cache-miss
1199 http fetch GET 200 https://registry.npmjs.org/@rollup%2frollup-linux-arm64-gnu 1606ms (cache miss)
1200 silly packumentCache full:https://registry.npmjs.org/@rollup%2frollup-linux-arm64-gnu set size:undefined disposed:false
1201 silly fetch manifest @rollup/rollup-darwin-x64@4.59.0
1202 silly packumentCache full:https://registry.npmjs.org/@rollup%2frollup-darwin-x64 cache-miss
1203 http fetch GET 200 https://registry.npmjs.org/@rollup%2frollup-linux-loong64-musl 731ms (cache miss)
1204 silly packumentCache full:https://registry.npmjs.org/@rollup%2frollup-linux-loong64-musl set size:undefined disposed:false
1205 silly fetch manifest @rollup/rollup-win32-x64-gnu@4.59.0
1206 silly packumentCache full:https://registry.npmjs.org/@rollup%2frollup-win32-x64-gnu cache-miss
1207 http fetch GET 200 https://registry.npmjs.org/@rollup%2frollup-linux-riscv64-gnu 739ms (cache miss)
1208 silly packumentCache full:https://registry.npmjs.org/@rollup%2frollup-linux-riscv64-gnu set size:undefined disposed:false
1209 silly fetch manifest @rollup/rollup-win32-x64-msvc@4.59.0
1210 silly packumentCache full:https://registry.npmjs.org/@rollup%2frollup-win32-x64-msvc cache-miss
1211 http fetch GET 200 https://registry.npmjs.org/@rollup%2frollup-linux-riscv64-musl 720ms (cache miss)
1212 silly packumentCache full:https://registry.npmjs.org/@rollup%2frollup-linux-riscv64-musl set size:undefined disposed:false
1213 silly fetch manifest @rollup/rollup-freebsd-x64@4.59.0
1214 silly packumentCache full:https://registry.npmjs.org/@rollup%2frollup-freebsd-x64 cache-miss
1215 http fetch GET 200 https://registry.npmjs.org/@rollup%2frollup-linux-ppc64-gnu 694ms (cache miss)
1216 silly packumentCache full:https://registry.npmjs.org/@rollup%2frollup-linux-ppc64-gnu set size:undefined disposed:false
1217 silly fetch manifest @rollup/rollup-linux-x64-gnu@4.59.0
1218 silly packumentCache full:https://registry.npmjs.org/@rollup%2frollup-linux-x64-gnu cache-miss
1219 http fetch GET 200 https://registry.npmjs.org/@rollup%2frollup-darwin-x64 730ms (cache miss)
1220 silly packumentCache full:https://registry.npmjs.org/@rollup%2frollup-darwin-x64 set size:undefined disposed:false
1221 silly fetch manifest @rollup/rollup-linux-x64-musl@4.59.0
1222 silly packumentCache full:https://registry.npmjs.org/@rollup%2frollup-linux-x64-musl cache-miss
1223 http fetch GET 200 https://registry.npmjs.org/@rollup%2frollup-linux-s390x-gnu 842ms (cache miss)
1224 silly packumentCache full:https://registry.npmjs.org/@rollup%2frollup-linux-s390x-gnu set size:undefined disposed:false
1225 silly fetch manifest @rollup/rollup-openbsd-x64@4.59.0
1226 silly packumentCache full:https://registry.npmjs.org/@rollup%2frollup-openbsd-x64 cache-miss
1227 http fetch GET 200 https://registry.npmjs.org/@rollup%2frollup-linux-ppc64-musl 1139ms (cache miss)
1228 silly packumentCache full:https://registry.npmjs.org/@rollup%2frollup-linux-ppc64-musl set size:undefined disposed:false
1229 silly fetch manifest @rollup/rollup-openharmony-arm64@4.59.0
1230 silly packumentCache full:https://registry.npmjs.org/@rollup%2frollup-openharmony-arm64 cache-miss
1231 http fetch GET 200 https://registry.npmjs.org/@rollup%2frollup-win32-x64-gnu 723ms (cache miss)
1232 silly packumentCache full:https://registry.npmjs.org/@rollup%2frollup-win32-x64-gnu set size:undefined disposed:false
1233 http fetch GET 200 https://registry.npmjs.org/@rollup%2frollup-win32-x64-msvc 736ms (cache miss)
1234 silly packumentCache full:https://registry.npmjs.org/@rollup%2frollup-win32-x64-msvc set size:undefined disposed:false
1235 http fetch GET 200 https://registry.npmjs.org/@rollup%2frollup-linux-x64-gnu 696ms (cache miss)
1236 silly packumentCache full:https://registry.npmjs.org/@rollup%2frollup-linux-x64-gnu set size:undefined disposed:false
1237 http fetch GET 200 https://registry.npmjs.org/@rollup%2frollup-linux-x64-musl 735ms (cache miss)
1238 silly packumentCache full:https://registry.npmjs.org/@rollup%2frollup-linux-x64-musl set size:undefined disposed:false
1239 http fetch GET 200 https://registry.npmjs.org/@rollup%2frollup-freebsd-x64 1142ms (cache miss)
1240 silly packumentCache full:https://registry.npmjs.org/@rollup%2frollup-freebsd-x64 set size:undefined disposed:false
1241 http fetch GET 200 https://registry.npmjs.org/@rollup%2frollup-openharmony-arm64 701ms (cache miss)
1242 silly packumentCache full:https://registry.npmjs.org/@rollup%2frollup-openharmony-arm64 set size:undefined disposed:false
1243 http fetch GET 200 https://registry.npmjs.org/@rollup%2frollup-openbsd-x64 1571ms (cache miss)
1244 silly packumentCache full:https://registry.npmjs.org/@rollup%2frollup-openbsd-x64 set size:undefined disposed:false
1245 silly placeDep ROOT @esbuild/aix-ppc64@0.27.3 OK for: esbuild@0.27.3 want: 0.27.3
1246 silly placeDep ROOT @esbuild/android-arm@0.27.3 OK for: esbuild@0.27.3 want: 0.27.3
1247 silly placeDep ROOT @esbuild/android-arm64@0.27.3 OK for: esbuild@0.27.3 want: 0.27.3
1248 silly placeDep ROOT @esbuild/android-x64@0.27.3 OK for: esbuild@0.27.3 want: 0.27.3
1249 silly placeDep ROOT @esbuild/darwin-arm64@0.27.3 OK for: esbuild@0.27.3 want: 0.27.3
1250 silly placeDep ROOT @esbuild/darwin-x64@0.27.3 OK for: esbuild@0.27.3 want: 0.27.3
1251 silly placeDep ROOT @esbuild/freebsd-arm64@0.27.3 OK for: esbuild@0.27.3 want: 0.27.3
1252 silly placeDep ROOT @esbuild/freebsd-x64@0.27.3 OK for: esbuild@0.27.3 want: 0.27.3
1253 silly placeDep ROOT @esbuild/linux-arm@0.27.3 OK for: esbuild@0.27.3 want: 0.27.3
1254 silly placeDep ROOT @esbuild/linux-arm64@0.27.3 OK for: esbuild@0.27.3 want: 0.27.3
1255 silly placeDep ROOT @esbuild/linux-ia32@0.27.3 OK for: esbuild@0.27.3 want: 0.27.3
1256 silly placeDep ROOT @esbuild/linux-loong64@0.27.3 OK for: esbuild@0.27.3 want: 0.27.3
1257 silly placeDep ROOT @esbuild/linux-mips64el@0.27.3 OK for: esbuild@0.27.3 want: 0.27.3
1258 silly placeDep ROOT @esbuild/linux-ppc64@0.27.3 OK for: esbuild@0.27.3 want: 0.27.3
1259 silly placeDep ROOT @esbuild/linux-riscv64@0.27.3 OK for: esbuild@0.27.3 want: 0.27.3
1260 silly placeDep ROOT @esbuild/linux-s390x@0.27.3 OK for: esbuild@0.27.3 want: 0.27.3
1261 silly placeDep ROOT @esbuild/linux-x64@0.27.3 OK for: esbuild@0.27.3 want: 0.27.3
1262 silly placeDep ROOT @esbuild/netbsd-arm64@0.27.3 OK for: esbuild@0.27.3 want: 0.27.3
1263 silly placeDep ROOT @esbuild/netbsd-x64@0.27.3 OK for: esbuild@0.27.3 want: 0.27.3
1264 silly placeDep ROOT @esbuild/openbsd-arm64@0.27.3 OK for: esbuild@0.27.3 want: 0.27.3
1265 silly placeDep ROOT @esbuild/openbsd-x64@0.27.3 OK for: esbuild@0.27.3 want: 0.27.3
1266 silly placeDep ROOT @esbuild/openharmony-arm64@0.27.3 OK for: esbuild@0.27.3 want: 0.27.3
1267 silly placeDep ROOT @esbuild/sunos-x64@0.27.3 OK for: esbuild@0.27.3 want: 0.27.3
1268 silly placeDep ROOT @esbuild/win32-arm64@0.27.3 OK for: esbuild@0.27.3 want: 0.27.3
1269 silly placeDep ROOT @esbuild/win32-ia32@0.27.3 OK for: esbuild@0.27.3 want: 0.27.3
1270 silly placeDep ROOT @esbuild/win32-x64@0.27.3 OK for: esbuild@0.27.3 want: 0.27.3
1271 silly placeDep ROOT nanoid@3.3.11 OK for: postcss@8.5.8 want: ^3.3.11
1272 silly placeDep ROOT source-map-js@1.2.1 OK for: postcss@8.5.8 want: ^1.2.1
1273 silly placeDep ROOT @rollup/rollup-android-arm-eabi@4.59.0 OK for: rollup@4.59.0 want: 4.59.0
1274 silly placeDep ROOT @rollup/rollup-android-arm64@4.59.0 OK for: rollup@4.59.0 want: 4.59.0
1275 silly placeDep ROOT @rollup/rollup-darwin-arm64@4.59.0 OK for: rollup@4.59.0 want: 4.59.0
1276 silly placeDep ROOT @rollup/rollup-darwin-x64@4.59.0 OK for: rollup@4.59.0 want: 4.59.0
1277 silly placeDep ROOT @rollup/rollup-freebsd-arm64@4.59.0 OK for: rollup@4.59.0 want: 4.59.0
1278 silly placeDep ROOT @rollup/rollup-freebsd-x64@4.59.0 OK for: rollup@4.59.0 want: 4.59.0
1279 silly placeDep ROOT @rollup/rollup-linux-arm-gnueabihf@4.59.0 OK for: rollup@4.59.0 want: 4.59.0
1280 silly placeDep ROOT @rollup/rollup-linux-arm-musleabihf@4.59.0 OK for: rollup@4.59.0 want: 4.59.0
1281 silly placeDep ROOT @rollup/rollup-linux-arm64-gnu@4.59.0 OK for: rollup@4.59.0 want: 4.59.0
1282 silly placeDep ROOT @rollup/rollup-linux-arm64-musl@4.59.0 OK for: rollup@4.59.0 want: 4.59.0
1283 silly placeDep ROOT @rollup/rollup-linux-loong64-gnu@4.59.0 OK for: rollup@4.59.0 want: 4.59.0
1284 silly placeDep ROOT @rollup/rollup-linux-loong64-musl@4.59.0 OK for: rollup@4.59.0 want: 4.59.0
1285 silly placeDep ROOT @rollup/rollup-linux-ppc64-gnu@4.59.0 OK for: rollup@4.59.0 want: 4.59.0
1286 silly placeDep ROOT @rollup/rollup-linux-ppc64-musl@4.59.0 OK for: rollup@4.59.0 want: 4.59.0
1287 silly placeDep ROOT @rollup/rollup-linux-riscv64-gnu@4.59.0 OK for: rollup@4.59.0 want: 4.59.0
1288 silly placeDep ROOT @rollup/rollup-linux-riscv64-musl@4.59.0 OK for: rollup@4.59.0 want: 4.59.0
1289 silly placeDep ROOT @rollup/rollup-linux-s390x-gnu@4.59.0 OK for: rollup@4.59.0 want: 4.59.0
1290 silly placeDep ROOT @rollup/rollup-linux-x64-gnu@4.59.0 OK for: rollup@4.59.0 want: 4.59.0
1291 silly placeDep ROOT @rollup/rollup-linux-x64-musl@4.59.0 OK for: rollup@4.59.0 want: 4.59.0
1292 silly placeDep ROOT @rollup/rollup-openbsd-x64@4.59.0 OK for: rollup@4.59.0 want: 4.59.0
1293 silly placeDep ROOT @rollup/rollup-openharmony-arm64@4.59.0 OK for: rollup@4.59.0 want: 4.59.0
1294 silly placeDep ROOT @rollup/rollup-win32-arm64-msvc@4.59.0 OK for: rollup@4.59.0 want: 4.59.0
1295 silly placeDep ROOT @rollup/rollup-win32-ia32-msvc@4.59.0 OK for: rollup@4.59.0 want: 4.59.0
1296 silly placeDep ROOT @rollup/rollup-win32-x64-gnu@4.59.0 OK for: rollup@4.59.0 want: 4.59.0
1297 silly placeDep ROOT @rollup/rollup-win32-x64-msvc@4.59.0 OK for: rollup@4.59.0 want: 4.59.0
1298 silly placeDep ROOT isexe@2.0.0 OK for: which@2.0.2 want: ^2.0.0
1299 silly placeDep node_modules/@typescript-eslint/typescript-estree brace-expansion@5.0.4 OK for: minimatch@10.2.4 want: ^5.0.2
1300 silly fetch manifest balanced-match@^4.0.2
1301 silly packumentCache full:https://registry.npmjs.org/balanced-match cache-miss
1302 http fetch GET 200 https://registry.npmjs.org/balanced-match 5ms (cache hit)
1303 silly packumentCache full:https://registry.npmjs.org/balanced-match set size:39082 disposed:false
1304 silly placeDep node_modules/@typescript-eslint/typescript-estree balanced-match@4.0.4 OK for: brace-expansion@5.0.4 want: ^4.0.2
1305 silly reify moves {}
1306 silly audit bulk request {
1306 silly audit   '@eslint/js': [ '9.39.3' ],
1306 silly audit   '@types/node': [ '24.12.0' ],
1306 silly audit   '@types/react': [ '19.2.14' ],
1306 silly audit   '@types/react-dom': [ '19.2.3' ],
1306 silly audit   '@vitejs/plugin-react': [ '5.1.4' ],
1306 silly audit   vite: [ '7.3.1' ],
1306 silly audit   eslint: [ '9.39.3' ],
1306 silly audit   'eslint-plugin-react-hooks': [ '7.0.1' ],
1306 silly audit   'eslint-plugin-react-refresh': [ '0.4.26' ],
1306 silly audit   globals: [ '16.5.0', '14.0.0' ],
1306 silly audit   react: [ '19.2.4' ],
1306 silly audit   'react-dom': [ '19.2.4' ],
1306 silly audit   typescript: [ '5.9.3' ],
1306 silly audit   'typescript-eslint': [ '8.56.1' ],
1306 silly audit   'undici-types': [ '7.16.0' ],
1306 silly audit   csstype: [ '3.2.3' ],
1306 silly audit   '@babel/core': [ '7.29.0' ],
1306 silly audit   '@babel/plugin-transform-react-jsx-self': [ '7.27.1' ],
1306 silly audit   '@babel/plugin-transform-react-jsx-source': [ '7.27.1' ],
1306 silly audit   '@rolldown/pluginutils': [ '1.0.0-rc.3' ],
1306 silly audit   '@types/babel__core': [ '7.20.5' ],
1306 silly audit   'react-refresh': [ '0.18.0' ],
1306 silly audit   '@babel/code-frame': [ '7.29.0' ],
1306 silly audit   '@babel/generator': [ '7.29.1' ],
1306 silly audit   '@babel/helper-compilation-targets': [ '7.28.6' ],
1306 silly audit   '@babel/helper-module-transforms': [ '7.28.6' ],
1306 silly audit   '@babel/helpers': [ '7.28.6' ],
1306 silly audit   '@babel/parser': [ '7.29.0' ],
1306 silly audit   '@babel/template': [ '7.28.6' ],
1306 silly audit   '@babel/traverse': [ '7.29.0' ],
1306 silly audit   '@babel/types': [ '7.29.0' ],
1306 silly audit   '@jridgewell/remapping': [ '2.3.5' ],
1306 silly audit   'convert-source-map': [ '2.0.0' ],
1306 silly audit   debug: [ '4.4.3' ],
1306 silly audit   gensync: [ '1.0.0-beta.2' ],
1306 silly audit   json5: [ '2.2.3' ],
1306 silly audit   semver: [ '6.3.1', '7.7.4' ],
1306 silly audit   '@babel/helper-validator-identifier': [ '7.28.5' ],
1306 silly audit   'js-tokens': [ '4.0.0' ],
1306 silly audit   picocolors: [ '1.1.1' ],
1306 silly audit   '@jridgewell/gen-mapping': [ '0.3.13' ],
1306 silly audit   '@jridgewell/trace-mapping': [ '0.3.31' ],
1306 silly audit   jsesc: [ '3.1.0' ],
1306 silly audit   '@babel/compat-data': [ '7.29.0' ],
1306 silly audit   '@babel/helper-validator-option': [ '7.27.1' ],
1306 silly audit   browserslist: [ '4.28.1' ],
1306 silly audit   'lru-cache': [ '5.1.1' ],
1306 silly audit   '@babel/helper-module-imports': [ '7.28.6' ],
1306 silly audit   '@babel/helper-plugin-utils': [ '7.28.6' ],
1306 silly audit   '@babel/helper-globals': [ '7.28.0' ],
1306 silly audit   '@babel/helper-string-parser': [ '7.27.1' ],
1306 silly audit   '@jridgewell/sourcemap-codec': [ '1.5.5' ],
1306 silly audit   '@jridgewell/resolve-uri': [ '3.1.2' ],
1306 silly audit   '@types/babel__generator': [ '7.27.0' ],
1306 silly audit   '@types/babel__template': [ '7.4.4' ],
1306 silly audit   '@types/babel__traverse': [ '7.28.0' ],
1306 silly audit   'baseline-browser-mapping': [ '2.10.0' ],
1306 silly audit   'caniuse-lite': [ '1.0.30001777' ],
1306 silly audit   'electron-to-chromium': [ '1.5.307' ],
1306 silly audit   'node-releases': [ '2.0.36' ],
1306 silly audit   'update-browserslist-db': [ '1.2.3' ],
1306 silly audit   ms: [ '2.1.3' ],
1306 silly audit   '@eslint-community/eslint-utils': [ '4.9.1' ],
1306 silly audit   '@eslint-community/regexpp': [ '4.12.2' ],
1306 silly audit   '@eslint/config-array': [ '0.21.1' ],
1306 silly audit   '@eslint/config-helpers': [ '0.4.2' ],
1306 silly audit   '@eslint/core': [ '0.17.0' ],
1306 silly audit   '@eslint/eslintrc': [ '3.3.4' ],
1306 silly audit   '@eslint/plugin-kit': [ '0.4.1' ],
1306 silly audit   '@humanfs/node': [ '0.16.7' ],
1306 silly audit   '@humanwhocodes/module-importer': [ '1.0.1' ],
1306 silly audit   '@humanwhocodes/retry': [ '0.4.3' ],
1306 silly audit   '@types/estree': [ '1.0.8' ],
1306 silly audit   ajv: [ '6.14.0' ],
1306 silly audit   chalk: [ '4.1.2' ],
1306 silly audit   'cross-spawn': [ '7.0.6' ],
1306 silly audit   'escape-string-regexp': [ '4.0.0' ],
1306 silly audit   'eslint-scope': [ '8.4.0' ],
1306 silly audit   'eslint-visitor-keys': [ '4.2.1', '3.4.3', '5.0.1' ],
1306 silly audit   espree: [ '10.4.0' ],
1306 silly audit   esquery: [ '1.7.0' ],
1306 silly audit   esutils: [ '2.0.3' ],
1306 silly audit   'fast-deep-equal': [ '3.1.3' ],
1306 silly audit   'file-entry-cache': [ '8.0.0' ],
1306 silly audit   'find-up': [ '5.0.0' ],
1306 silly audit   'glob-parent': [ '6.0.2' ],
1306 silly audit   ignore: [ '5.3.2', '7.0.5' ],
1306 silly audit   imurmurhash: [ '0.1.4' ],
1306 silly audit   'is-glob': [ '4.0.3' ],
1306 silly audit   'json-stable-stringify-without-jsonify': [ '1.0.1' ],
1306 silly audit   'lodash.merge': [ '4.6.2' ],
1306 silly audit   minimatch: [ '3.1.5', '10.2.4' ],
1306 silly audit   'natural-compare': [ '1.4.0' ],
1306 silly audit   optionator: [ '0.9.4' ],
1306 silly audit   '@eslint/object-schema': [ '2.1.7' ],
1306 silly audit   '@types/json-schema': [ '7.0.15' ],
1306 silly audit   'import-fresh': [ '3.3.1' ],
1306 silly audit   'js-yaml': [ '4.1.1' ],
1306 silly audit   'strip-json-comments': [ '3.1.1' ],
1306 silly audit   levn: [ '0.4.1' ],
1306 silly audit   '@humanfs/core': [ '0.19.1' ],
1306 silly audit   'fast-json-stable-stringify': [ '2.1.0' ],
1306 silly audit   'json-schema-traverse': [ '0.4.1' ],
1306 silly audit   'uri-js': [ '4.4.1' ],
1306 silly audit   'ansi-styles': [ '4.3.0' ],
1306 silly audit   'supports-color': [ '7.2.0' ],
1306 silly audit   'color-convert': [ '2.0.1' ],
1306 silly audit   'color-name': [ '1.1.4' ],
1306 silly audit   'path-key': [ '3.1.1' ],
1306 silly audit   'shebang-command': [ '2.0.0' ],
1306 silly audit   which: [ '2.0.2' ],
1306 silly audit   'hermes-parser': [ '0.25.1' ],
1306 silly audit   zod: [ '4.3.6' ],
1306 silly audit   'zod-validation-error': [ '4.0.2' ],
1306 silly audit   esrecurse: [ '4.3.0' ],
1306 silly audit   estraverse: [ '5.3.0' ],
1306 silly audit   acorn: [ '8.16.0' ],
1306 silly audit   'acorn-jsx': [ '5.3.2' ],
1306 silly audit   'flat-cache': [ '4.0.1' ],
1306 silly audit   'locate-path': [ '6.0.0' ],
1306 silly audit   'path-exists': [ '4.0.0' ],
1306 silly audit   flatted: [ '3.3.4' ],
1306 silly audit   keyv: [ '4.5.4' ],
1306 silly audit   'hermes-estree': [ '0.25.1' ],
1306 silly audit   'parent-module': [ '1.0.1' ],
1306 silly audit   'resolve-from': [ '4.0.0' ],
1306 silly audit   'is-extglob': [ '2.1.1' ],
1306 silly audit   argparse: [ '2.0.1' ],
1306 silly audit   'json-buffer': [ '3.0.1' ],
1306 silly audit   'prelude-ls': [ '1.2.1' ],
1306 silly audit   'type-check': [ '0.4.0' ],
1306 silly audit   'p-locate': [ '5.0.0' ],
1306 silly audit   yallist: [ '3.1.1' ],
1306 silly audit   'brace-expansion': [ '1.1.12', '5.0.4' ],
1306 silly audit   'balanced-match': [ '1.0.2', '4.0.4' ],
1306 silly audit   'concat-map': [ '0.0.1' ],
1306 silly audit   'deep-is': [ '0.1.4' ],
1306 silly audit   'fast-levenshtein': [ '2.0.6' ],
1306 silly audit   'word-wrap': [ '1.2.5' ],
1306 silly audit   'p-limit': [ '3.1.0' ],
1306 silly audit   'yocto-queue': [ '0.1.0' ],
1306 silly audit   callsites: [ '3.1.0' ],
1306 silly audit   scheduler: [ '0.27.0' ],
1306 silly audit   'shebang-regex': [ '3.0.0' ],
1306 silly audit   'has-flag': [ '4.0.0' ],
1306 silly audit   '@typescript-eslint/eslint-plugin': [ '8.56.1' ],
1306 silly audit   '@typescript-eslint/parser': [ '8.56.1' ],
1306 silly audit   '@typescript-eslint/typescript-estree': [ '8.56.1' ],
1306 silly audit   '@typescript-eslint/utils': [ '8.56.1' ],
1306 silly audit   '@typescript-eslint/scope-manager': [ '8.56.1' ],
1306 silly audit   '@typescript-eslint/type-utils': [ '8.56.1' ],
1306 silly audit   '@typescript-eslint/visitor-keys': [ '8.56.1' ],
1306 silly audit   'ts-api-utils': [ '2.4.0' ],
1306 silly audit   '@typescript-eslint/types': [ '8.56.1' ],
1306 silly audit   '@typescript-eslint/project-service': [ '8.56.1' ],
1306 silly audit   '@typescript-eslint/tsconfig-utils': [ '8.56.1' ],
1306 silly audit   tinyglobby: [ '0.2.15' ],
1306 silly audit   fdir: [ '6.5.0' ],
1306 silly audit   picomatch: [ '4.0.3' ],
1306 silly audit   escalade: [ '3.2.0' ],
1306 silly audit   punycode: [ '2.3.1' ],
1306 silly audit   esbuild: [ '0.27.3' ],
1306 silly audit   fsevents: [ '2.3.3' ],
1306 silly audit   postcss: [ '8.5.8' ],
1306 silly audit   rollup: [ '4.59.0' ],
1306 silly audit   '@esbuild/aix-ppc64': [ '0.27.3' ],
1306 silly audit   '@esbuild/android-arm': [ '0.27.3' ],
1306 silly audit   '@esbuild/android-arm64': [ '0.27.3' ],
1306 silly audit   '@esbuild/android-x64': [ '0.27.3' ],
1306 silly audit   '@esbuild/darwin-arm64': [ '0.27.3' ],
1306 silly audit   '@esbuild/darwin-x64': [ '0.27.3' ],
1306 silly audit   '@esbuild/freebsd-arm64': [ '0.27.3' ],
1306 silly audit   '@esbuild/freebsd-x64': [ '0.27.3' ],
1306 silly audit   '@esbuild/linux-arm': [ '0.27.3' ],
1306 silly audit   '@esbuild/linux-arm64': [ '0.27.3' ],
1306 silly audit   '@esbuild/linux-ia32': [ '0.27.3' ],
1306 silly audit   '@esbuild/linux-loong64': [ '0.27.3' ],
1306 silly audit   '@esbuild/linux-mips64el': [ '0.27.3' ],
1306 silly audit   '@esbuild/linux-ppc64': [ '0.27.3' ],
1306 silly audit   '@esbuild/linux-riscv64': [ '0.27.3' ],
1306 silly audit   '@esbuild/linux-s390x': [ '0.27.3' ],
1306 silly audit   '@esbuild/linux-x64': [ '0.27.3' ],
1306 silly audit   '@esbuild/netbsd-arm64': [ '0.27.3' ],
1306 silly audit   '@esbuild/netbsd-x64': [ '0.27.3' ],
1306 silly audit   '@esbuild/openbsd-arm64': [ '0.27.3' ],
1306 silly audit   '@esbuild/openbsd-x64': [ '0.27.3' ],
1306 silly audit   '@esbuild/openharmony-arm64': [ '0.27.3' ],
1306 silly audit   '@esbuild/sunos-x64': [ '0.27.3' ],
1306 silly audit   '@esbuild/win32-arm64': [ '0.27.3' ],
1306 silly audit   '@esbuild/win32-ia32': [ '0.27.3' ],
1306 silly audit   '@esbuild/win32-x64': [ '0.27.3' ],
1306 silly audit   nanoid: [ '3.3.11' ],
1306 silly audit   'source-map-js': [ '1.2.1' ],
1306 silly audit   '@rollup/rollup-android-arm-eabi': [ '4.59.0' ],
1306 silly audit   '@rollup/rollup-android-arm64': [ '4.59.0' ],
1306 silly audit   '@rollup/rollup-darwin-arm64': [ '4.59.0' ],
1306 silly audit   '@rollup/rollup-darwin-x64': [ '4.59.0' ],
1306 silly audit   '@rollup/rollup-freebsd-arm64': [ '4.59.0' ],
1306 silly audit   '@rollup/rollup-freebsd-x64': [ '4.59.0' ],
1306 silly audit   '@rollup/rollup-linux-arm-gnueabihf': [ '4.59.0' ],
1306 silly audit   '@rollup/rollup-linux-arm-musleabihf': [ '4.59.0' ],
1306 silly audit   '@rollup/rollup-linux-arm64-gnu': [ '4.59.0' ],
1306 silly audit   '@rollup/rollup-linux-arm64-musl': [ '4.59.0' ],
1306 silly audit   '@rollup/rollup-linux-loong64-gnu': [ '4.59.0' ],
1306 silly audit   '@rollup/rollup-linux-loong64-musl': [ '4.59.0' ],
1306 silly audit   '@rollup/rollup-linux-ppc64-gnu': [ '4.59.0' ],
1306 silly audit   '@rollup/rollup-linux-ppc64-musl': [ '4.59.0' ],
1306 silly audit   '@rollup/rollup-linux-riscv64-gnu': [ '4.59.0' ],
1306 silly audit   '@rollup/rollup-linux-riscv64-musl': [ '4.59.0' ],
1306 silly audit   '@rollup/rollup-linux-s390x-gnu': [ '4.59.0' ],
1306 silly audit   '@rollup/rollup-linux-x64-gnu': [ '4.59.0' ],
1306 silly audit   '@rollup/rollup-linux-x64-musl': [ '4.59.0' ],
1306 silly audit   '@rollup/rollup-openbsd-x64': [ '4.59.0' ],
1306 silly audit   '@rollup/rollup-openharmony-arm64': [ '4.59.0' ],
1306 silly audit   '@rollup/rollup-win32-arm64-msvc': [ '4.59.0' ],
1306 silly audit   '@rollup/rollup-win32-ia32-msvc': [ '4.59.0' ],
1306 silly audit   '@rollup/rollup-win32-x64-gnu': [ '4.59.0' ],
1306 silly audit   '@rollup/rollup-win32-x64-msvc': [ '4.59.0' ],
1306 silly audit   isexe: [ '2.0.0' ]
1306 silly audit }
1307 verbose reify failed optional dependency /Users/emmanuellegrottaglie/whatsapp-hours-saas/web/node_modules/@rollup/rollup-win32-x64-msvc
1308 silly reify mark deleted [
1308 silly reify   '/Users/emmanuellegrottaglie/whatsapp-hours-saas/web/node_modules/@rollup/rollup-win32-x64-msvc'
1308 silly reify ]
1309 verbose reify failed optional dependency /Users/emmanuellegrottaglie/whatsapp-hours-saas/web/node_modules/@rollup/rollup-win32-x64-gnu
1310 silly reify mark deleted [
1310 silly reify   '/Users/emmanuellegrottaglie/whatsapp-hours-saas/web/node_modules/@rollup/rollup-win32-x64-gnu'
1310 silly reify ]
1311 verbose reify failed optional dependency /Users/emmanuellegrottaglie/whatsapp-hours-saas/web/node_modules/@rollup/rollup-win32-ia32-msvc
1312 silly reify mark deleted [
1312 silly reify   '/Users/emmanuellegrottaglie/whatsapp-hours-saas/web/node_modules/@rollup/rollup-win32-ia32-msvc'
1312 silly reify ]
1313 verbose reify failed optional dependency /Users/emmanuellegrottaglie/whatsapp-hours-saas/web/node_modules/@rollup/rollup-win32-arm64-msvc
1314 silly reify mark deleted [
1314 silly reify   '/Users/emmanuellegrottaglie/whatsapp-hours-saas/web/node_modules/@rollup/rollup-win32-arm64-msvc'
1314 silly reify ]
1315 verbose reify failed optional dependency /Users/emmanuellegrottaglie/whatsapp-hours-saas/web/node_modules/@rollup/rollup-openharmony-arm64
1316 silly reify mark deleted [
1316 silly reify   '/Users/emmanuellegrottaglie/whatsapp-hours-saas/web/node_modules/@rollup/rollup-openharmony-arm64'
1316 silly reify ]
1317 verbose reify failed optional dependency /Users/emmanuellegrottaglie/whatsapp-hours-saas/web/node_modules/@rollup/rollup-openbsd-x64
1318 silly reify mark deleted [
1318 silly reify   '/Users/emmanuellegrottaglie/whatsapp-hours-saas/web/node_modules/@rollup/rollup-openbsd-x64'
1318 silly reify ]
1319 verbose reify failed optional dependency /Users/emmanuellegrottaglie/whatsapp-hours-saas/web/node_modules/@rollup/rollup-linux-x64-musl
1320 silly reify mark deleted [
1320 silly reify   '/Users/emmanuellegrottaglie/whatsapp-hours-saas/web/node_modules/@rollup/rollup-linux-x64-musl'
1320 silly reify ]
1321 verbose reify failed optional dependency /Users/emmanuellegrottaglie/whatsapp-hours-saas/web/node_modules/@rollup/rollup-linux-x64-gnu
1322 silly reify mark deleted [
1322 silly reify   '/Users/emmanuellegrottaglie/whatsapp-hours-saas/web/node_modules/@rollup/rollup-linux-x64-gnu'
1322 silly reify ]
1323 verbose reify failed optional dependency /Users/emmanuellegrottaglie/whatsapp-hours-saas/web/node_modules/@rollup/rollup-linux-s390x-gnu
1324 silly reify mark deleted [
1324 silly reify   '/Users/emmanuellegrottaglie/whatsapp-hours-saas/web/node_modules/@rollup/rollup-linux-s390x-gnu'
1324 silly reify ]
1325 verbose reify failed optional dependency /Users/emmanuellegrottaglie/whatsapp-hours-saas/web/node_modules/@rollup/rollup-linux-riscv64-musl
1326 silly reify mark deleted [
1326 silly reify   '/Users/emmanuellegrottaglie/whatsapp-hours-saas/web/node_modules/@rollup/rollup-linux-riscv64-musl'
1326 silly reify ]
1327 verbose reify failed optional dependency /Users/emmanuellegrottaglie/whatsapp-hours-saas/web/node_modules/@rollup/rollup-linux-riscv64-gnu
1328 silly reify mark deleted [
1328 silly reify   '/Users/emmanuellegrottaglie/whatsapp-hours-saas/web/node_modules/@rollup/rollup-linux-riscv64-gnu'
1328 silly reify ]
1329 verbose reify failed optional dependency /Users/emmanuellegrottaglie/whatsapp-hours-saas/web/node_modules/@rollup/rollup-linux-ppc64-musl
1330 silly reify mark deleted [
1330 silly reify   '/Users/emmanuellegrottaglie/whatsapp-hours-saas/web/node_modules/@rollup/rollup-linux-ppc64-musl'
1330 silly reify ]
1331 verbose reify failed optional dependency /Users/emmanuellegrottaglie/whatsapp-hours-saas/web/node_modules/@rollup/rollup-linux-ppc64-gnu
1332 silly reify mark deleted [
1332 silly reify   '/Users/emmanuellegrottaglie/whatsapp-hours-saas/web/node_modules/@rollup/rollup-linux-ppc64-gnu'
1332 silly reify ]
1333 verbose reify failed optional dependency /Users/emmanuellegrottaglie/whatsapp-hours-saas/web/node_modules/@rollup/rollup-linux-loong64-musl
1334 silly reify mark deleted [
1334 silly reify   '/Users/emmanuellegrottaglie/whatsapp-hours-saas/web/node_modules/@rollup/rollup-linux-loong64-musl'
1334 silly reify ]
1335 verbose reify failed optional dependency /Users/emmanuellegrottaglie/whatsapp-hours-saas/web/node_modules/@rollup/rollup-linux-loong64-gnu
1336 silly reify mark deleted [
1336 silly reify   '/Users/emmanuellegrottaglie/whatsapp-hours-saas/web/node_modules/@rollup/rollup-linux-loong64-gnu'
1336 silly reify ]
1337 verbose reify failed optional dependency /Users/emmanuellegrottaglie/whatsapp-hours-saas/web/node_modules/@rollup/rollup-linux-arm64-musl
1338 silly reify mark deleted [
1338 silly reify   '/Users/emmanuellegrottaglie/whatsapp-hours-saas/web/node_modules/@rollup/rollup-linux-arm64-musl'
1338 silly reify ]
1339 verbose reify failed optional dependency /Users/emmanuellegrottaglie/whatsapp-hours-saas/web/node_modules/@rollup/rollup-linux-arm64-gnu
1340 silly reify mark deleted [
1340 silly reify   '/Users/emmanuellegrottaglie/whatsapp-hours-saas/web/node_modules/@rollup/rollup-linux-arm64-gnu'
1340 silly reify ]
1341 verbose reify failed optional dependency /Users/emmanuellegrottaglie/whatsapp-hours-saas/web/node_modules/@rollup/rollup-linux-arm-musleabihf
1342 silly reify mark deleted [
1342 silly reify   '/Users/emmanuellegrottaglie/whatsapp-hours-saas/web/node_modules/@rollup/rollup-linux-arm-musleabihf'
1342 silly reify ]
1343 verbose reify failed optional dependency /Users/emmanuellegrottaglie/whatsapp-hours-saas/web/node_modules/@rollup/rollup-linux-arm-gnueabihf
1344 silly reify mark deleted [
1344 silly reify   '/Users/emmanuellegrottaglie/whatsapp-hours-saas/web/node_modules/@rollup/rollup-linux-arm-gnueabihf'
1344 silly reify ]
1345 verbose reify failed optional dependency /Users/emmanuellegrottaglie/whatsapp-hours-saas/web/node_modules/@rollup/rollup-freebsd-x64
1346 silly reify mark deleted [
1346 silly reify   '/Users/emmanuellegrottaglie/whatsapp-hours-saas/web/node_modules/@rollup/rollup-freebsd-x64'
1346 silly reify ]
1347 verbose reify failed optional dependency /Users/emmanuellegrottaglie/whatsapp-hours-saas/web/node_modules/@rollup/rollup-freebsd-arm64
1348 silly reify mark deleted [
1348 silly reify   '/Users/emmanuellegrottaglie/whatsapp-hours-saas/web/node_modules/@rollup/rollup-freebsd-arm64'
1348 silly reify ]
1349 verbose reify failed optional dependency /Users/emmanuellegrottaglie/whatsapp-hours-saas/web/node_modules/@rollup/rollup-darwin-x64
1350 silly reify mark deleted [
1350 silly reify   '/Users/emmanuellegrottaglie/whatsapp-hours-saas/web/node_modules/@rollup/rollup-darwin-x64'
1350 silly reify ]
1351 verbose reify failed optional dependency /Users/emmanuellegrottaglie/whatsapp-hours-saas/web/node_modules/@rollup/rollup-android-arm64
1352 silly reify mark deleted [
1352 silly reify   '/Users/emmanuellegrottaglie/whatsapp-hours-saas/web/node_modules/@rollup/rollup-android-arm64'
1352 silly reify ]
1353 verbose reify failed optional dependency /Users/emmanuellegrottaglie/whatsapp-hours-saas/web/node_modules/@rollup/rollup-android-arm-eabi
1354 silly reify mark deleted [
1354 silly reify   '/Users/emmanuellegrottaglie/whatsapp-hours-saas/web/node_modules/@rollup/rollup-android-arm-eabi'
1354 silly reify ]
1355 verbose reify failed optional dependency /Users/emmanuellegrottaglie/whatsapp-hours-saas/web/node_modules/@esbuild/win32-x64
1356 silly reify mark deleted [
1356 silly reify   '/Users/emmanuellegrottaglie/whatsapp-hours-saas/web/node_modules/@esbuild/win32-x64'
1356 silly reify ]
1357 verbose reify failed optional dependency /Users/emmanuellegrottaglie/whatsapp-hours-saas/web/node_modules/@esbuild/win32-ia32
1358 silly reify mark deleted [
1358 silly reify   '/Users/emmanuellegrottaglie/whatsapp-hours-saas/web/node_modules/@esbuild/win32-ia32'
1358 silly reify ]
1359 verbose reify failed optional dependency /Users/emmanuellegrottaglie/whatsapp-hours-saas/web/node_modules/@esbuild/win32-arm64
1360 silly reify mark deleted [
1360 silly reify   '/Users/emmanuellegrottaglie/whatsapp-hours-saas/web/node_modules/@esbuild/win32-arm64'
1360 silly reify ]
1361 verbose reify failed optional dependency /Users/emmanuellegrottaglie/whatsapp-hours-saas/web/node_modules/@esbuild/sunos-x64
1362 silly reify mark deleted [
1362 silly reify   '/Users/emmanuellegrottaglie/whatsapp-hours-saas/web/node_modules/@esbuild/sunos-x64'
1362 silly reify ]
1363 verbose reify failed optional dependency /Users/emmanuellegrottaglie/whatsapp-hours-saas/web/node_modules/@esbuild/openharmony-arm64
1364 silly reify mark deleted [
1364 silly reify   '/Users/emmanuellegrottaglie/whatsapp-hours-saas/web/node_modules/@esbuild/openharmony-arm64'
1364 silly reify ]
1365 verbose reify failed optional dependency /Users/emmanuellegrottaglie/whatsapp-hours-saas/web/node_modules/@esbuild/openbsd-x64
1366 silly reify mark deleted [
1366 silly reify   '/Users/emmanuellegrottaglie/whatsapp-hours-saas/web/node_modules/@esbuild/openbsd-x64'
1366 silly reify ]
1367 verbose reify failed optional dependency /Users/emmanuellegrottaglie/whatsapp-hours-saas/web/node_modules/@esbuild/openbsd-arm64
1368 silly reify mark deleted [
1368 silly reify   '/Users/emmanuellegrottaglie/whatsapp-hours-saas/web/node_modules/@esbuild/openbsd-arm64'
1368 silly reify ]
1369 verbose reify failed optional dependency /Users/emmanuellegrottaglie/whatsapp-hours-saas/web/node_modules/@esbuild/netbsd-x64
1370 silly reify mark deleted [
1370 silly reify   '/Users/emmanuellegrottaglie/whatsapp-hours-saas/web/node_modules/@esbuild/netbsd-x64'
1370 silly reify ]
1371 verbose reify failed optional dependency /Users/emmanuellegrottaglie/whatsapp-hours-saas/web/node_modules/@esbuild/netbsd-arm64
1372 silly reify mark deleted [
1372 silly reify   '/Users/emmanuellegrottaglie/whatsapp-hours-saas/web/node_modules/@esbuild/netbsd-arm64'
1372 silly reify ]
1373 verbose reify failed optional dependency /Users/emmanuellegrottaglie/whatsapp-hours-saas/web/node_modules/@esbuild/linux-x64
1374 silly reify mark deleted [
1374 silly reify   '/Users/emmanuellegrottaglie/whatsapp-hours-saas/web/node_modules/@esbuild/linux-x64'
1374 silly reify ]
1375 verbose reify failed optional dependency /Users/emmanuellegrottaglie/whatsapp-hours-saas/web/node_modules/@esbuild/linux-s390x
1376 silly reify mark deleted [
1376 silly reify   '/Users/emmanuellegrottaglie/whatsapp-hours-saas/web/node_modules/@esbuild/linux-s390x'
1376 silly reify ]
1377 verbose reify failed optional dependency /Users/emmanuellegrottaglie/whatsapp-hours-saas/web/node_modules/@esbuild/linux-riscv64
1378 silly reify mark deleted [
1378 silly reify   '/Users/emmanuellegrottaglie/whatsapp-hours-saas/web/node_modules/@esbuild/linux-riscv64'
1378 silly reify ]
1379 verbose reify failed optional dependency /Users/emmanuellegrottaglie/whatsapp-hours-saas/web/node_modules/@esbuild/linux-ppc64
1380 silly reify mark deleted [
1380 silly reify   '/Users/emmanuellegrottaglie/whatsapp-hours-saas/web/node_modules/@esbuild/linux-ppc64'
1380 silly reify ]
1381 verbose reify failed optional dependency /Users/emmanuellegrottaglie/whatsapp-hours-saas/web/node_modules/@esbuild/linux-mips64el
1382 silly reify mark deleted [
1382 silly reify   '/Users/emmanuellegrottaglie/whatsapp-hours-saas/web/node_modules/@esbuild/linux-mips64el'
1382 silly reify ]
1383 verbose reify failed optional dependency /Users/emmanuellegrottaglie/whatsapp-hours-saas/web/node_modules/@esbuild/linux-loong64
1384 silly reify mark deleted [
1384 silly reify   '/Users/emmanuellegrottaglie/whatsapp-hours-saas/web/node_modules/@esbuild/linux-loong64'
1384 silly reify ]
1385 verbose reify failed optional dependency /Users/emmanuellegrottaglie/whatsapp-hours-saas/web/node_modules/@esbuild/linux-ia32
1386 silly reify mark deleted [
1386 silly reify   '/Users/emmanuellegrottaglie/whatsapp-hours-saas/web/node_modules/@esbuild/linux-ia32'
1386 silly reify ]
1387 verbose reify failed optional dependency /Users/emmanuellegrottaglie/whatsapp-hours-saas/web/node_modules/@esbuild/linux-arm64
1388 silly reify mark deleted [
1388 silly reify   '/Users/emmanuellegrottaglie/whatsapp-hours-saas/web/node_modules/@esbuild/linux-arm64'
1388 silly reify ]
1389 verbose reify failed optional dependency /Users/emmanuellegrottaglie/whatsapp-hours-saas/web/node_modules/@esbuild/linux-arm
1390 silly reify mark deleted [
1390 silly reify   '/Users/emmanuellegrottaglie/whatsapp-hours-saas/web/node_modules/@esbuild/linux-arm'
1390 silly reify ]
1391 verbose reify failed optional dependency /Users/emmanuellegrottaglie/whatsapp-hours-saas/web/node_modules/@esbuild/freebsd-x64
1392 silly reify mark deleted [
1392 silly reify   '/Users/emmanuellegrottaglie/whatsapp-hours-saas/web/node_modules/@esbuild/freebsd-x64'
1392 silly reify ]
1393 verbose reify failed optional dependency /Users/emmanuellegrottaglie/whatsapp-hours-saas/web/node_modules/@esbuild/freebsd-arm64
1394 silly reify mark deleted [
1394 silly reify   '/Users/emmanuellegrottaglie/whatsapp-hours-saas/web/node_modules/@esbuild/freebsd-arm64'
1394 silly reify ]
1395 verbose reify failed optional dependency /Users/emmanuellegrottaglie/whatsapp-hours-saas/web/node_modules/@esbuild/darwin-x64
1396 silly reify mark deleted [
1396 silly reify   '/Users/emmanuellegrottaglie/whatsapp-hours-saas/web/node_modules/@esbuild/darwin-x64'
1396 silly reify ]
1397 verbose reify failed optional dependency /Users/emmanuellegrottaglie/whatsapp-hours-saas/web/node_modules/@esbuild/android-x64
1398 silly reify mark deleted [
1398 silly reify   '/Users/emmanuellegrottaglie/whatsapp-hours-saas/web/node_modules/@esbuild/android-x64'
1398 silly reify ]
1399 verbose reify failed optional dependency /Users/emmanuellegrottaglie/whatsapp-hours-saas/web/node_modules/@esbuild/android-arm64
1400 silly reify mark deleted [
1400 silly reify   '/Users/emmanuellegrottaglie/whatsapp-hours-saas/web/node_modules/@esbuild/android-arm64'
1400 silly reify ]
1401 verbose reify failed optional dependency /Users/emmanuellegrottaglie/whatsapp-hours-saas/web/node_modules/@esbuild/android-arm
1402 silly reify mark deleted [
1402 silly reify   '/Users/emmanuellegrottaglie/whatsapp-hours-saas/web/node_modules/@esbuild/android-arm'
1402 silly reify ]
1403 verbose reify failed optional dependency /Users/emmanuellegrottaglie/whatsapp-hours-saas/web/node_modules/@esbuild/aix-ppc64
1404 silly reify mark deleted [
1404 silly reify   '/Users/emmanuellegrottaglie/whatsapp-hours-saas/web/node_modules/@esbuild/aix-ppc64'
1404 silly reify ]
1405 silly tarball no local data for nanoid@https://registry.npmjs.org/nanoid/-/nanoid-3.3.11.tgz. Extracting by manifest.
1406 silly tarball no local data for isexe@https://registry.npmjs.org/isexe/-/isexe-2.0.0.tgz. Extracting by manifest.
1407 silly tarball no local data for @rollup/rollup-darwin-arm64@https://registry.npmjs.org/@rollup/rollup-darwin-arm64/-/rollup-darwin-arm64-4.59.0.tgz. Extracting by manifest.
1408 silly tarball no local data for @esbuild/darwin-arm64@https://registry.npmjs.org/@esbuild/darwin-arm64/-/darwin-arm64-0.27.3.tgz. Extracting by manifest.
1409 silly tarball no local data for rollup@https://registry.npmjs.org/rollup/-/rollup-4.59.0.tgz. Extracting by manifest.
1410 silly tarball no local data for source-map-js@https://registry.npmjs.org/source-map-js/-/source-map-js-1.2.1.tgz. Extracting by manifest.
1411 silly tarball no local data for fsevents@https://registry.npmjs.org/fsevents/-/fsevents-2.3.3.tgz. Extracting by manifest.
1412 silly tarball no local data for esbuild@https://registry.npmjs.org/esbuild/-/esbuild-0.27.3.tgz. Extracting by manifest.
1413 silly tarball no local data for postcss@https://registry.npmjs.org/postcss/-/postcss-8.5.8.tgz. Extracting by manifest.
1414 silly tarball no local data for punycode@https://registry.npmjs.org/punycode/-/punycode-2.3.1.tgz. Extracting by manifest.
1415 silly tarball no local data for fdir@https://registry.npmjs.org/fdir/-/fdir-6.5.0.tgz. Extracting by manifest.
1416 silly tarball no local data for escalade@https://registry.npmjs.org/escalade/-/escalade-3.2.0.tgz. Extracting by manifest.
1417 silly tarball no local data for picomatch@https://registry.npmjs.org/picomatch/-/picomatch-4.0.3.tgz. Extracting by manifest.
1418 silly tarball no local data for @typescript-eslint/project-service@https://registry.npmjs.org/@typescript-eslint/project-service/-/project-service-8.56.1.tgz. Extracting by manifest.
1419 silly tarball no local data for @typescript-eslint/tsconfig-utils@https://registry.npmjs.org/@typescript-eslint/tsconfig-utils/-/tsconfig-utils-8.56.1.tgz. Extracting by manifest.
1420 silly tarball no local data for @typescript-eslint/types@https://registry.npmjs.org/@typescript-eslint/types/-/types-8.56.1.tgz. Extracting by manifest.
1421 silly tarball no local data for ts-api-utils@https://registry.npmjs.org/ts-api-utils/-/ts-api-utils-2.4.0.tgz. Extracting by manifest.
1422 silly tarball no local data for @typescript-eslint/visitor-keys@https://registry.npmjs.org/@typescript-eslint/visitor-keys/-/visitor-keys-8.56.1.tgz. Extracting by manifest.
1423 silly tarball no local data for @typescript-eslint/type-utils@https://registry.npmjs.org/@typescript-eslint/type-utils/-/type-utils-8.56.1.tgz. Extracting by manifest.
1424 silly tarball no local data for @typescript-eslint/utils@https://registry.npmjs.org/@typescript-eslint/utils/-/utils-8.56.1.tgz. Extracting by manifest.
1425 silly tarball no local data for @typescript-eslint/typescript-estree@https://registry.npmjs.org/@typescript-eslint/typescript-estree/-/typescript-estree-8.56.1.tgz. Extracting by manifest.
1426 silly tarball no local data for @typescript-eslint/eslint-plugin@https://registry.npmjs.org/@typescript-eslint/eslint-plugin/-/eslint-plugin-8.56.1.tgz. Extracting by manifest.
1427 silly tarball no local data for @typescript-eslint/parser@https://registry.npmjs.org/@typescript-eslint/parser/-/parser-8.56.1.tgz. Extracting by manifest.
1428 silly tarball no local data for @typescript-eslint/scope-manager@https://registry.npmjs.org/@typescript-eslint/scope-manager/-/scope-manager-8.56.1.tgz. Extracting by manifest.
1429 silly tarball no local data for has-flag@https://registry.npmjs.org/has-flag/-/has-flag-4.0.0.tgz. Extracting by manifest.
1430 silly tarball no local data for callsites@https://registry.npmjs.org/callsites/-/callsites-3.1.0.tgz. Extracting by manifest.
1431 silly tarball no local data for yocto-queue@https://registry.npmjs.org/yocto-queue/-/yocto-queue-0.1.0.tgz. Extracting by manifest.
1432 silly tarball no local data for scheduler@https://registry.npmjs.org/scheduler/-/scheduler-0.27.0.tgz. Extracting by manifest.
1433 silly tarball no local data for p-limit@https://registry.npmjs.org/p-limit/-/p-limit-3.1.0.tgz. Extracting by manifest.
1434 silly tarball no local data for word-wrap@https://registry.npmjs.org/word-wrap/-/word-wrap-1.2.5.tgz. Extracting by manifest.
1435 silly tarball no local data for deep-is@https://registry.npmjs.org/deep-is/-/deep-is-0.1.4.tgz. Extracting by manifest.
1436 silly tarball no local data for balanced-match@https://registry.npmjs.org/balanced-match/-/balanced-match-1.0.2.tgz. Extracting by manifest.
1437 silly tarball no local data for concat-map@https://registry.npmjs.org/concat-map/-/concat-map-0.0.1.tgz. Extracting by manifest.
1438 silly tarball no local data for brace-expansion@https://registry.npmjs.org/brace-expansion/-/brace-expansion-1.1.12.tgz. Extracting by manifest.
1439 silly tarball no local data for yallist@https://registry.npmjs.org/yallist/-/yallist-3.1.1.tgz. Extracting by manifest.
1440 silly tarball no local data for shebang-regex@https://registry.npmjs.org/shebang-regex/-/shebang-regex-3.0.0.tgz. Extracting by manifest.
1441 silly tarball no local data for type-check@https://registry.npmjs.org/type-check/-/type-check-0.4.0.tgz. Extracting by manifest.
1442 silly tarball no local data for p-locate@https://registry.npmjs.org/p-locate/-/p-locate-5.0.0.tgz. Extracting by manifest.
1443 silly tarball no local data for prelude-ls@https://registry.npmjs.org/prelude-ls/-/prelude-ls-1.2.1.tgz. Extracting by manifest.
1444 silly tarball no local data for fast-levenshtein@https://registry.npmjs.org/fast-levenshtein/-/fast-levenshtein-2.0.6.tgz. Extracting by manifest.
1445 silly tarball no local data for json-buffer@https://registry.npmjs.org/json-buffer/-/json-buffer-3.0.1.tgz. Extracting by manifest.
1446 silly tarball no local data for argparse@https://registry.npmjs.org/argparse/-/argparse-2.0.1.tgz. Extracting by manifest.
1447 silly tarball no local data for is-extglob@https://registry.npmjs.org/is-extglob/-/is-extglob-2.1.1.tgz. Extracting by manifest.
1448 silly tarball no local data for resolve-from@https://registry.npmjs.org/resolve-from/-/resolve-from-4.0.0.tgz. Extracting by manifest.
1449 silly tarball no local data for parent-module@https://registry.npmjs.org/parent-module/-/parent-module-1.0.1.tgz. Extracting by manifest.
1450 silly tarball no local data for keyv@https://registry.npmjs.org/keyv/-/keyv-4.5.4.tgz. Extracting by manifest.
1451 silly tarball no local data for hermes-estree@https://registry.npmjs.org/hermes-estree/-/hermes-estree-0.25.1.tgz. Extracting by manifest.
1452 silly tarball no local data for flatted@https://registry.npmjs.org/flatted/-/flatted-3.3.4.tgz. Extracting by manifest.
1453 silly tarball no local data for path-exists@https://registry.npmjs.org/path-exists/-/path-exists-4.0.0.tgz. Extracting by manifest.
1454 silly tarball no local data for flat-cache@https://registry.npmjs.org/flat-cache/-/flat-cache-4.0.1.tgz. Extracting by manifest.
1455 silly tarball no local data for acorn-jsx@https://registry.npmjs.org/acorn-jsx/-/acorn-jsx-5.3.2.tgz. Extracting by manifest.
1456 silly tarball no local data for acorn@https://registry.npmjs.org/acorn/-/acorn-8.16.0.tgz. Extracting by manifest.
1457 silly tarball no local data for estraverse@https://registry.npmjs.org/estraverse/-/estraverse-5.3.0.tgz. Extracting by manifest.
1458 silly tarball no local data for locate-path@https://registry.npmjs.org/locate-path/-/locate-path-6.0.0.tgz. Extracting by manifest.
1459 silly tarball no local data for esrecurse@https://registry.npmjs.org/esrecurse/-/esrecurse-4.3.0.tgz. Extracting by manifest.
1460 silly tarball no local data for zod-validation-error@https://registry.npmjs.org/zod-validation-error/-/zod-validation-error-4.0.2.tgz. Extracting by manifest.
1461 silly tarball no local data for zod@https://registry.npmjs.org/zod/-/zod-4.3.6.tgz. Extracting by manifest.
1462 silly tarball no local data for hermes-parser@https://registry.npmjs.org/hermes-parser/-/hermes-parser-0.25.1.tgz. Extracting by manifest.
1463 silly tarball no local data for which@https://registry.npmjs.org/which/-/which-2.0.2.tgz. Extracting by manifest.
1464 silly tarball no local data for path-key@https://registry.npmjs.org/path-key/-/path-key-3.1.1.tgz. Extracting by manifest.
1465 silly tarball no local data for shebang-command@https://registry.npmjs.org/shebang-command/-/shebang-command-2.0.0.tgz. Extracting by manifest.
1466 silly tarball no local data for color-name@https://registry.npmjs.org/color-name/-/color-name-1.1.4.tgz. Extracting by manifest.
1467 silly tarball no local data for color-convert@https://registry.npmjs.org/color-convert/-/color-convert-2.0.1.tgz. Extracting by manifest.
1468 silly tarball no local data for ansi-styles@https://registry.npmjs.org/ansi-styles/-/ansi-styles-4.3.0.tgz. Extracting by manifest.
1469 silly tarball no local data for uri-js@https://registry.npmjs.org/uri-js/-/uri-js-4.4.1.tgz. Extracting by manifest.
1470 silly tarball no local data for json-schema-traverse@https://registry.npmjs.org/json-schema-traverse/-/json-schema-traverse-0.4.1.tgz. Extracting by manifest.
1471 silly tarball no local data for fast-json-stable-stringify@https://registry.npmjs.org/fast-json-stable-stringify/-/fast-json-stable-stringify-2.1.0.tgz. Extracting by manifest.
1472 silly tarball no local data for supports-color@https://registry.npmjs.org/supports-color/-/supports-color-7.2.0.tgz. Extracting by manifest.
1473 silly tarball no local data for js-yaml@https://registry.npmjs.org/js-yaml/-/js-yaml-4.1.1.tgz. Extracting by manifest.
1474 silly tarball no local data for @humanfs/core@https://registry.npmjs.org/@humanfs/core/-/core-0.19.1.tgz. Extracting by manifest.
1475 silly tarball no local data for tinyglobby@https://registry.npmjs.org/tinyglobby/-/tinyglobby-0.2.15.tgz. Extracting by manifest.
1476 silly tarball no local data for @types/json-schema@https://registry.npmjs.org/@types/json-schema/-/json-schema-7.0.15.tgz. Extracting by manifest.
1477 silly tarball no local data for levn@https://registry.npmjs.org/levn/-/levn-0.4.1.tgz. Extracting by manifest.
1478 silly tarball no local data for import-fresh@https://registry.npmjs.org/import-fresh/-/import-fresh-3.3.1.tgz. Extracting by manifest.
1479 silly tarball no local data for optionator@https://registry.npmjs.org/optionator/-/optionator-0.9.4.tgz. Extracting by manifest.
1480 silly tarball no local data for strip-json-comments@https://registry.npmjs.org/strip-json-comments/-/strip-json-comments-3.1.1.tgz. Extracting by manifest.
1481 silly tarball no local data for @eslint/object-schema@https://registry.npmjs.org/@eslint/object-schema/-/object-schema-2.1.7.tgz. Extracting by manifest.
1482 silly tarball no local data for json-stable-stringify-without-jsonify@https://registry.npmjs.org/json-stable-stringify-without-jsonify/-/json-stable-stringify-without-jsonify-1.0.1.tgz. Extracting by manifest.
1483 silly tarball no local data for natural-compare@https://registry.npmjs.org/natural-compare/-/natural-compare-1.4.0.tgz. Extracting by manifest.
1484 silly tarball no local data for lodash.merge@https://registry.npmjs.org/lodash.merge/-/lodash.merge-4.6.2.tgz. Extracting by manifest.
1485 silly tarball no local data for glob-parent@https://registry.npmjs.org/glob-parent/-/glob-parent-6.0.2.tgz. Extracting by manifest.
1486 silly tarball no local data for is-glob@https://registry.npmjs.org/is-glob/-/is-glob-4.0.3.tgz. Extracting by manifest.
1487 silly tarball no local data for minimatch@https://registry.npmjs.org/minimatch/-/minimatch-3.1.5.tgz. Extracting by manifest.
1488 silly tarball no local data for ignore@https://registry.npmjs.org/ignore/-/ignore-5.3.2.tgz. Extracting by manifest.
1489 silly tarball no local data for imurmurhash@https://registry.npmjs.org/imurmurhash/-/imurmurhash-0.1.4.tgz. Extracting by manifest.
1490 silly tarball no local data for esutils@https://registry.npmjs.org/esutils/-/esutils-2.0.3.tgz. Extracting by manifest.
1491 silly tarball no local data for file-entry-cache@https://registry.npmjs.org/file-entry-cache/-/file-entry-cache-8.0.0.tgz. Extracting by manifest.
1492 silly tarball no local data for esquery@https://registry.npmjs.org/esquery/-/esquery-1.7.0.tgz. Extracting by manifest.
1493 silly tarball no local data for espree@https://registry.npmjs.org/espree/-/espree-10.4.0.tgz. Extracting by manifest.
1494 silly tarball no local data for fast-deep-equal@https://registry.npmjs.org/fast-deep-equal/-/fast-deep-equal-3.1.3.tgz. Extracting by manifest.
1495 silly tarball no local data for eslint-scope@https://registry.npmjs.org/eslint-scope/-/eslint-scope-8.4.0.tgz. Extracting by manifest.
1496 silly tarball no local data for escape-string-regexp@https://registry.npmjs.org/escape-string-regexp/-/escape-string-regexp-4.0.0.tgz. Extracting by manifest.
1497 silly tarball no local data for eslint-visitor-keys@https://registry.npmjs.org/eslint-visitor-keys/-/eslint-visitor-keys-4.2.1.tgz. Extracting by manifest.
1498 silly tarball no local data for cross-spawn@https://registry.npmjs.org/cross-spawn/-/cross-spawn-7.0.6.tgz. Extracting by manifest.
1499 silly tarball no local data for chalk@https://registry.npmjs.org/chalk/-/chalk-4.1.2.tgz. Extracting by manifest.
1500 silly tarball no local data for find-up@https://registry.npmjs.org/find-up/-/find-up-5.0.0.tgz. Extracting by manifest.
1501 silly tarball no local data for ajv@https://registry.npmjs.org/ajv/-/ajv-6.14.0.tgz. Extracting by manifest.
1502 silly tarball no local data for @types/estree@https://registry.npmjs.org/@types/estree/-/estree-1.0.8.tgz. Extracting by manifest.
1503 silly tarball no local data for @humanwhocodes/module-importer@https://registry.npmjs.org/@humanwhocodes/module-importer/-/module-importer-1.0.1.tgz. Extracting by manifest.
1504 silly tarball no local data for @humanwhocodes/retry@https://registry.npmjs.org/@humanwhocodes/retry/-/retry-0.4.3.tgz. Extracting by manifest.
1505 silly tarball no local data for @eslint/plugin-kit@https://registry.npmjs.org/@eslint/plugin-kit/-/plugin-kit-0.4.1.tgz. Extracting by manifest.
1506 silly tarball no local data for @eslint/eslintrc@https://registry.npmjs.org/@eslint/eslintrc/-/eslintrc-3.3.4.tgz. Extracting by manifest.
1507 silly tarball no local data for @eslint/config-helpers@https://registry.npmjs.org/@eslint/config-helpers/-/config-helpers-0.4.2.tgz. Extracting by manifest.
1508 silly tarball no local data for @eslint/config-array@https://registry.npmjs.org/@eslint/config-array/-/config-array-0.21.1.tgz. Extracting by manifest.
1509 silly tarball no local data for @eslint/core@https://registry.npmjs.org/@eslint/core/-/core-0.17.0.tgz. Extracting by manifest.
1510 silly tarball no local data for @eslint-community/regexpp@https://registry.npmjs.org/@eslint-community/regexpp/-/regexpp-4.12.2.tgz. Extracting by manifest.
1511 silly tarball no local data for @humanfs/node@https://registry.npmjs.org/@humanfs/node/-/node-0.16.7.tgz. Extracting by manifest.
1512 silly tarball no local data for @eslint-community/eslint-utils@https://registry.npmjs.org/@eslint-community/eslint-utils/-/eslint-utils-4.9.1.tgz. Extracting by manifest.
1513 silly tarball no local data for update-browserslist-db@https://registry.npmjs.org/update-browserslist-db/-/update-browserslist-db-1.2.3.tgz. Extracting by manifest.
1514 silly tarball no local data for ms@https://registry.npmjs.org/ms/-/ms-2.1.3.tgz. Extracting by manifest.
1515 silly tarball no local data for node-releases@https://registry.npmjs.org/node-releases/-/node-releases-2.0.36.tgz. Extracting by manifest.
1516 silly tarball no local data for electron-to-chromium@https://registry.npmjs.org/electron-to-chromium/-/electron-to-chromium-1.5.307.tgz. Extracting by manifest.
1517 silly tarball no local data for caniuse-lite@https://registry.npmjs.org/caniuse-lite/-/caniuse-lite-1.0.30001777.tgz. Extracting by manifest.
1518 silly tarball no local data for @types/babel__traverse@https://registry.npmjs.org/@types/babel__traverse/-/babel__traverse-7.28.0.tgz. Extracting by manifest.
1519 silly tarball no local data for baseline-browser-mapping@https://registry.npmjs.org/baseline-browser-mapping/-/baseline-browser-mapping-2.10.0.tgz. Extracting by manifest.
1520 silly tarball no local data for @types/babel__template@https://registry.npmjs.org/@types/babel__template/-/babel__template-7.4.4.tgz. Extracting by manifest.
1521 silly tarball no local data for @jridgewell/sourcemap-codec@https://registry.npmjs.org/@jridgewell/sourcemap-codec/-/sourcemap-codec-1.5.5.tgz. Extracting by manifest.
1522 silly tarball no local data for @types/babel__generator@https://registry.npmjs.org/@types/babel__generator/-/babel__generator-7.27.0.tgz. Extracting by manifest.
1523 silly tarball no local data for @babel/helper-string-parser@https://registry.npmjs.org/@babel/helper-string-parser/-/helper-string-parser-7.27.1.tgz. Extracting by manifest.
1524 silly tarball no local data for @jridgewell/resolve-uri@https://registry.npmjs.org/@jridgewell/resolve-uri/-/resolve-uri-3.1.2.tgz. Extracting by manifest.
1525 silly tarball no local data for @babel/helper-globals@https://registry.npmjs.org/@babel/helper-globals/-/helper-globals-7.28.0.tgz. Extracting by manifest.
1526 silly tarball no local data for @babel/helper-module-imports@https://registry.npmjs.org/@babel/helper-module-imports/-/helper-module-imports-7.28.6.tgz. Extracting by manifest.
1527 silly tarball no local data for @babel/helper-plugin-utils@https://registry.npmjs.org/@babel/helper-plugin-utils/-/helper-plugin-utils-7.28.6.tgz. Extracting by manifest.
1528 silly tarball no local data for browserslist@https://registry.npmjs.org/browserslist/-/browserslist-4.28.1.tgz. Extracting by manifest.
1529 silly tarball no local data for @babel/helper-validator-option@https://registry.npmjs.org/@babel/helper-validator-option/-/helper-validator-option-7.27.1.tgz. Extracting by manifest.
1530 silly tarball no local data for @babel/compat-data@https://registry.npmjs.org/@babel/compat-data/-/compat-data-7.29.0.tgz. Extracting by manifest.
1531 silly tarball no local data for jsesc@https://registry.npmjs.org/jsesc/-/jsesc-3.1.0.tgz. Extracting by manifest.
1532 silly tarball no local data for lru-cache@https://registry.npmjs.org/lru-cache/-/lru-cache-5.1.1.tgz. Extracting by manifest.
1533 silly tarball no local data for @jridgewell/gen-mapping@https://registry.npmjs.org/@jridgewell/gen-mapping/-/gen-mapping-0.3.13.tgz. Extracting by manifest.
1534 silly tarball no local data for @jridgewell/trace-mapping@https://registry.npmjs.org/@jridgewell/trace-mapping/-/trace-mapping-0.3.31.tgz. Extracting by manifest.
1535 silly tarball no local data for picocolors@https://registry.npmjs.org/picocolors/-/picocolors-1.1.1.tgz. Extracting by manifest.
1536 silly tarball no local data for js-tokens@https://registry.npmjs.org/js-tokens/-/js-tokens-4.0.0.tgz. Extracting by manifest.
1537 silly tarball no local data for semver@https://registry.npmjs.org/semver/-/semver-6.3.1.tgz. Extracting by manifest.
1538 silly tarball no local data for json5@https://registry.npmjs.org/json5/-/json5-2.2.3.tgz. Extracting by manifest.
1539 silly tarball no local data for @babel/helper-validator-identifier@https://registry.npmjs.org/@babel/helper-validator-identifier/-/helper-validator-identifier-7.28.5.tgz. Extracting by manifest.
1540 silly tarball no local data for gensync@https://registry.npmjs.org/gensync/-/gensync-1.0.0-beta.2.tgz. Extracting by manifest.
1541 silly tarball no local data for convert-source-map@https://registry.npmjs.org/convert-source-map/-/convert-source-map-2.0.0.tgz. Extracting by manifest.
1542 silly tarball no local data for debug@https://registry.npmjs.org/debug/-/debug-4.4.3.tgz. Extracting by manifest.
1543 silly tarball no local data for @jridgewell/remapping@https://registry.npmjs.org/@jridgewell/remapping/-/remapping-2.3.5.tgz. Extracting by manifest.
1544 silly tarball no local data for @babel/traverse@https://registry.npmjs.org/@babel/traverse/-/traverse-7.29.0.tgz. Extracting by manifest.
1545 silly tarball no local data for @babel/types@https://registry.npmjs.org/@babel/types/-/types-7.29.0.tgz. Extracting by manifest.
1546 silly tarball no local data for @babel/parser@https://registry.npmjs.org/@babel/parser/-/parser-7.29.0.tgz. Extracting by manifest.
1547 silly tarball no local data for @babel/helpers@https://registry.npmjs.org/@babel/helpers/-/helpers-7.28.6.tgz. Extracting by manifest.
1548 silly tarball no local data for @babel/template@https://registry.npmjs.org/@babel/template/-/template-7.28.6.tgz. Extracting by manifest.
1549 silly tarball no local data for @babel/helper-compilation-targets@https://registry.npmjs.org/@babel/helper-compilation-targets/-/helper-compilation-targets-7.28.6.tgz. Extracting by manifest.
1550 silly tarball no local data for @babel/helper-module-transforms@https://registry.npmjs.org/@babel/helper-module-transforms/-/helper-module-transforms-7.28.6.tgz. Extracting by manifest.
1551 silly tarball no local data for @babel/generator@https://registry.npmjs.org/@babel/generator/-/generator-7.29.1.tgz. Extracting by manifest.
1552 silly tarball no local data for @babel/code-frame@https://registry.npmjs.org/@babel/code-frame/-/code-frame-7.29.0.tgz. Extracting by manifest.
1553 silly tarball no local data for react-refresh@https://registry.npmjs.org/react-refresh/-/react-refresh-0.18.0.tgz. Extracting by manifest.
1554 silly tarball no local data for @rolldown/pluginutils@https://registry.npmjs.org/@rolldown/pluginutils/-/pluginutils-1.0.0-rc.3.tgz. Extracting by manifest.
1555 silly tarball no local data for @babel/plugin-transform-react-jsx-self@https://registry.npmjs.org/@babel/plugin-transform-react-jsx-self/-/plugin-transform-react-jsx-self-7.27.1.tgz. Extracting by manifest.
1556 silly tarball no local data for @babel/plugin-transform-react-jsx-source@https://registry.npmjs.org/@babel/plugin-transform-react-jsx-source/-/plugin-transform-react-jsx-source-7.27.1.tgz. Extracting by manifest.
1557 silly tarball no local data for @babel/core@https://registry.npmjs.org/@babel/core/-/core-7.29.0.tgz. Extracting by manifest.
1558 silly tarball no local data for @types/babel__core@https://registry.npmjs.org/@types/babel__core/-/babel__core-7.20.5.tgz. Extracting by manifest.
1559 silly tarball no local data for undici-types@https://registry.npmjs.org/undici-types/-/undici-types-7.16.0.tgz. Extracting by manifest.
1560 silly tarball no local data for csstype@https://registry.npmjs.org/csstype/-/csstype-3.2.3.tgz. Extracting by manifest.
1561 silly tarball no local data for react-dom@https://registry.npmjs.org/react-dom/-/react-dom-19.2.4.tgz. Extracting by manifest.
1562 silly tarball no local data for typescript@https://registry.npmjs.org/typescript/-/typescript-5.9.3.tgz. Extracting by manifest.
1563 silly tarball no local data for react@https://registry.npmjs.org/react/-/react-19.2.4.tgz. Extracting by manifest.
1564 silly tarball no local data for globals@https://registry.npmjs.org/globals/-/globals-16.5.0.tgz. Extracting by manifest.
1565 silly tarball no local data for eslint-plugin-react-hooks@https://registry.npmjs.org/eslint-plugin-react-hooks/-/eslint-plugin-react-hooks-7.0.1.tgz. Extracting by manifest.
1566 silly tarball no local data for eslint-plugin-react-refresh@https://registry.npmjs.org/eslint-plugin-react-refresh/-/eslint-plugin-react-refresh-0.4.26.tgz. Extracting by manifest.
1567 silly tarball no local data for typescript-eslint@https://registry.npmjs.org/typescript-eslint/-/typescript-eslint-8.56.1.tgz. Extracting by manifest.
1568 silly tarball no local data for eslint@https://registry.npmjs.org/eslint/-/eslint-9.39.3.tgz. Extracting by manifest.
1569 silly tarball no local data for vite@https://registry.npmjs.org/vite/-/vite-7.3.1.tgz. Extracting by manifest.
1570 silly tarball no local data for @vitejs/plugin-react@https://registry.npmjs.org/@vitejs/plugin-react/-/plugin-react-5.1.4.tgz. Extracting by manifest.
1571 silly tarball no local data for @types/react-dom@https://registry.npmjs.org/@types/react-dom/-/react-dom-19.2.3.tgz. Extracting by manifest.
1572 silly tarball no local data for @types/react@https://registry.npmjs.org/@types/react/-/react-19.2.14.tgz. Extracting by manifest.
1573 silly tarball no local data for @types/node@https://registry.npmjs.org/@types/node/-/node-24.12.0.tgz. Extracting by manifest.
1574 silly tarball no local data for brace-expansion@https://registry.npmjs.org/brace-expansion/-/brace-expansion-5.0.4.tgz. Extracting by manifest.
1575 silly tarball no local data for @eslint/js@https://registry.npmjs.org/@eslint/js/-/js-9.39.3.tgz. Extracting by manifest.
1576 silly tarball no local data for balanced-match@https://registry.npmjs.org/balanced-match/-/balanced-match-4.0.4.tgz. Extracting by manifest.
1577 silly tarball no local data for semver@https://registry.npmjs.org/semver/-/semver-7.7.4.tgz. Extracting by manifest.
1578 silly tarball no local data for ignore@https://registry.npmjs.org/ignore/-/ignore-7.0.5.tgz. Extracting by manifest.
1579 silly tarball no local data for minimatch@https://registry.npmjs.org/minimatch/-/minimatch-10.2.4.tgz. Extracting by manifest.
1580 silly tarball no local data for globals@https://registry.npmjs.org/globals/-/globals-14.0.0.tgz. Extracting by manifest.
1581 silly tarball no local data for eslint-visitor-keys@https://registry.npmjs.org/eslint-visitor-keys/-/eslint-visitor-keys-3.4.3.tgz. Extracting by manifest.
1582 silly tarball no local data for eslint-visitor-keys@https://registry.npmjs.org/eslint-visitor-keys/-/eslint-visitor-keys-5.0.1.tgz. Extracting by manifest.
1583 http fetch GET 200 https://registry.npmjs.org/isexe/-/isexe-2.0.0.tgz 145ms (cache miss)
1584 http fetch GET 200 https://registry.npmjs.org/source-map-js/-/source-map-js-1.2.1.tgz 163ms (cache miss)
1585 http fetch GET 200 https://registry.npmjs.org/nanoid/-/nanoid-3.3.11.tgz 179ms (cache miss)
1586 http fetch GET 200 https://registry.npmjs.org/rollup/-/rollup-4.59.0.tgz 238ms (cache miss)
1587 http fetch GET 200 https://registry.npmjs.org/@typescript-eslint/tsconfig-utils/-/tsconfig-utils-8.56.1.tgz 236ms (cache miss)
1588 http fetch GET 200 https://registry.npmjs.org/ts-api-utils/-/ts-api-utils-2.4.0.tgz 241ms (cache miss)
1589 http fetch GET 200 https://registry.npmjs.org/picomatch/-/picomatch-4.0.3.tgz 295ms (cache miss)
1590 http fetch GET 200 https://registry.npmjs.org/escalade/-/escalade-3.2.0.tgz 310ms (cache miss)
1591 http fetch GET 200 https://registry.npmjs.org/fsevents/-/fsevents-2.3.3.tgz 316ms (cache miss)
1592 http fetch GET 200 https://registry.npmjs.org/postcss/-/postcss-8.5.8.tgz 321ms (cache miss)
1593 http fetch GET 200 https://registry.npmjs.org/@typescript-eslint/visitor-keys/-/visitor-keys-8.56.1.tgz 342ms (cache miss)
1594 http fetch GET 200 https://registry.npmjs.org/@typescript-eslint/type-utils/-/type-utils-8.56.1.tgz 347ms (cache miss)
1595 http fetch GET 200 https://registry.npmjs.org/@typescript-eslint/utils/-/utils-8.56.1.tgz 349ms (cache miss)
1596 http fetch GET 200 https://registry.npmjs.org/yocto-queue/-/yocto-queue-0.1.0.tgz 399ms (cache miss)
1597 http fetch GET 200 https://registry.npmjs.org/callsites/-/callsites-3.1.0.tgz 408ms (cache miss)
1598 http fetch GET 200 https://registry.npmjs.org/has-flag/-/has-flag-4.0.0.tgz 411ms (cache miss)
1599 http fetch GET 200 https://registry.npmjs.org/@typescript-eslint/parser/-/parser-8.56.1.tgz 414ms (cache miss)
1600 http fetch GET 200 https://registry.npmjs.org/@typescript-eslint/types/-/types-8.56.1.tgz 454ms (cache miss)
1601 http fetch GET 200 https://registry.npmjs.org/@typescript-eslint/scope-manager/-/scope-manager-8.56.1.tgz 459ms (cache miss)
1602 http fetch GET 200 https://registry.npmjs.org/word-wrap/-/word-wrap-1.2.5.tgz 468ms (cache miss)
1603 http fetch GET 200 https://registry.npmjs.org/esbuild/-/esbuild-0.27.3.tgz 475ms (cache miss)
1604 http fetch GET 200 https://registry.npmjs.org/balanced-match/-/balanced-match-1.0.2.tgz 477ms (cache miss)
1605 http fetch GET 200 https://registry.npmjs.org/p-limit/-/p-limit-3.1.0.tgz 487ms (cache miss)
1606 http fetch GET 200 https://registry.npmjs.org/concat-map/-/concat-map-0.0.1.tgz 499ms (cache miss)
1607 http fetch GET 200 https://registry.npmjs.org/punycode/-/punycode-2.3.1.tgz 539ms (cache miss)
1608 http fetch GET 200 https://registry.npmjs.org/shebang-regex/-/shebang-regex-3.0.0.tgz 533ms (cache miss)
1609 http fetch GET 200 https://registry.npmjs.org/type-check/-/type-check-0.4.0.tgz 539ms (cache miss)
1610 http fetch GET 200 https://registry.npmjs.org/yallist/-/yallist-3.1.1.tgz 549ms (cache miss)
1611 http fetch GET 200 https://registry.npmjs.org/fdir/-/fdir-6.5.0.tgz 573ms (cache miss)
1612 http fetch GET 200 https://registry.npmjs.org/@typescript-eslint/typescript-estree/-/typescript-estree-8.56.1.tgz 577ms (cache miss)
1613 http fetch POST 200 https://registry.npmjs.org/-/npm/v1/security/advisories/bulk 613ms
1614 silly audit report {}
1615 http fetch GET 200 https://registry.npmjs.org/prelude-ls/-/prelude-ls-1.2.1.tgz 593ms (cache miss)
1616 http fetch GET 200 https://registry.npmjs.org/json-buffer/-/json-buffer-3.0.1.tgz 595ms (cache miss)
1617 http fetch GET 200 https://registry.npmjs.org/fast-levenshtein/-/fast-levenshtein-2.0.6.tgz 598ms (cache miss)
1618 http fetch GET 200 https://registry.npmjs.org/argparse/-/argparse-2.0.1.tgz 618ms (cache miss)
1619 http fetch GET 200 https://registry.npmjs.org/parent-module/-/parent-module-1.0.1.tgz 644ms (cache miss)
1620 http fetch GET 200 https://registry.npmjs.org/hermes-estree/-/hermes-estree-0.25.1.tgz 653ms (cache miss)
1621 http fetch GET 200 https://registry.npmjs.org/flatted/-/flatted-3.3.4.tgz 660ms (cache miss)
1622 http fetch GET 200 https://registry.npmjs.org/keyv/-/keyv-4.5.4.tgz 663ms (cache miss)
1623 http fetch GET 200 https://registry.npmjs.org/path-exists/-/path-exists-4.0.0.tgz 681ms (cache miss)
1624 http fetch GET 200 https://registry.npmjs.org/scheduler/-/scheduler-0.27.0.tgz 688ms (cache miss)
1625 http fetch GET 200 https://registry.npmjs.org/deep-is/-/deep-is-0.1.4.tgz 694ms (cache miss)
1626 http fetch GET 200 https://registry.npmjs.org/@typescript-eslint/project-service/-/project-service-8.56.1.tgz 704ms (cache miss)
1627 http fetch GET 200 https://registry.npmjs.org/@rollup/rollup-darwin-arm64/-/rollup-darwin-arm64-4.59.0.tgz 716ms (cache miss)
1628 http fetch GET 200 https://registry.npmjs.org/brace-expansion/-/brace-expansion-1.1.12.tgz 719ms (cache miss)
1629 http fetch GET 200 https://registry.npmjs.org/is-extglob/-/is-extglob-2.1.1.tgz 721ms (cache miss)
1630 http fetch GET 200 https://registry.npmjs.org/acorn-jsx/-/acorn-jsx-5.3.2.tgz 723ms (cache miss)
1631 http fetch GET 200 https://registry.npmjs.org/flat-cache/-/flat-cache-4.0.1.tgz 724ms (cache miss)
1632 http fetch GET 200 https://registry.npmjs.org/esrecurse/-/esrecurse-4.3.0.tgz 743ms (cache miss)
1633 http fetch GET 200 https://registry.npmjs.org/estraverse/-/estraverse-5.3.0.tgz 746ms (cache miss)
1634 http fetch GET 200 https://registry.npmjs.org/locate-path/-/locate-path-6.0.0.tgz 746ms (cache miss)
1635 http fetch GET 200 https://registry.npmjs.org/which/-/which-2.0.2.tgz 763ms (cache miss)
1636 http fetch GET 200 https://registry.npmjs.org/acorn/-/acorn-8.16.0.tgz 764ms (cache miss)
1637 http fetch GET 200 https://registry.npmjs.org/zod-validation-error/-/zod-validation-error-4.0.2.tgz 769ms (cache miss)
1638 http fetch GET 200 https://registry.npmjs.org/p-locate/-/p-locate-5.0.0.tgz 776ms (cache miss)
1639 http fetch GET 200 https://registry.npmjs.org/@typescript-eslint/eslint-plugin/-/eslint-plugin-8.56.1.tgz 782ms (cache miss)
1640 http fetch GET 200 https://registry.npmjs.org/color-convert/-/color-convert-2.0.1.tgz 790ms (cache miss)
1641 http fetch GET 200 https://registry.npmjs.org/ansi-styles/-/ansi-styles-4.3.0.tgz 791ms (cache miss)
1642 http fetch GET 200 https://registry.npmjs.org/color-name/-/color-name-1.1.4.tgz 807ms (cache miss)
1643 http fetch GET 200 https://registry.npmjs.org/hermes-parser/-/hermes-parser-0.25.1.tgz 810ms (cache miss)
1644 http fetch GET 200 https://registry.npmjs.org/shebang-command/-/shebang-command-2.0.0.tgz 813ms (cache miss)
1645 http fetch GET 200 https://registry.npmjs.org/json-schema-traverse/-/json-schema-traverse-0.4.1.tgz 840ms (cache miss)
1646 http fetch GET 200 https://registry.npmjs.org/supports-color/-/supports-color-7.2.0.tgz 858ms (cache miss)
1647 http fetch GET 200 https://registry.npmjs.org/fast-json-stable-stringify/-/fast-json-stable-stringify-2.1.0.tgz 858ms (cache miss)
1648 http fetch GET 200 https://registry.npmjs.org/resolve-from/-/resolve-from-4.0.0.tgz 867ms (cache miss)
1649 http fetch GET 200 https://registry.npmjs.org/import-fresh/-/import-fresh-3.3.1.tgz 868ms (cache miss)
1650 http fetch GET 200 https://registry.npmjs.org/uri-js/-/uri-js-4.4.1.tgz 872ms (cache miss)
1651 http fetch GET 200 https://registry.npmjs.org/tinyglobby/-/tinyglobby-0.2.15.tgz 873ms (cache miss)
1652 http fetch GET 200 https://registry.npmjs.org/path-key/-/path-key-3.1.1.tgz 879ms (cache miss)
1653 http fetch GET 200 https://registry.npmjs.org/strip-json-comments/-/strip-json-comments-3.1.1.tgz 888ms (cache miss)
1654 http fetch GET 200 https://registry.npmjs.org/levn/-/levn-0.4.1.tgz 892ms (cache miss)
1655 http fetch GET 200 https://registry.npmjs.org/@types/json-schema/-/json-schema-7.0.15.tgz 896ms (cache miss)
1656 http fetch GET 200 https://registry.npmjs.org/json-stable-stringify-without-jsonify/-/json-stable-stringify-without-jsonify-1.0.1.tgz 907ms (cache miss)
1657 http fetch GET 200 https://registry.npmjs.org/glob-parent/-/glob-parent-6.0.2.tgz 920ms (cache miss)
1658 http fetch GET 200 https://registry.npmjs.org/lodash.merge/-/lodash.merge-4.6.2.tgz 926ms (cache miss)
1659 http fetch GET 200 https://registry.npmjs.org/is-glob/-/is-glob-4.0.3.tgz 943ms (cache miss)
1660 http fetch GET 200 https://registry.npmjs.org/imurmurhash/-/imurmurhash-0.1.4.tgz 954ms (cache miss)
1661 http fetch GET 200 https://registry.npmjs.org/optionator/-/optionator-0.9.4.tgz 958ms (cache miss)
1662 http fetch GET 200 https://registry.npmjs.org/ignore/-/ignore-5.3.2.tgz 955ms (cache miss)
1663 http fetch GET 200 https://registry.npmjs.org/esutils/-/esutils-2.0.3.tgz 957ms (cache miss)
1664 http fetch GET 200 https://registry.npmjs.org/espree/-/espree-10.4.0.tgz 989ms (cache miss)
1665 http fetch GET 200 https://registry.npmjs.org/fast-deep-equal/-/fast-deep-equal-3.1.3.tgz 1006ms (cache miss)
1666 http fetch GET 200 https://registry.npmjs.org/eslint-visitor-keys/-/eslint-visitor-keys-4.2.1.tgz 1008ms (cache miss)
1667 http fetch GET 200 https://registry.npmjs.org/esquery/-/esquery-1.7.0.tgz 1010ms (cache miss)
1668 http fetch GET 200 https://registry.npmjs.org/minimatch/-/minimatch-3.1.5.tgz 1031ms (cache miss)
1669 http fetch GET 200 https://registry.npmjs.org/eslint-scope/-/eslint-scope-8.4.0.tgz 1056ms (cache miss)
1670 http fetch GET 200 https://registry.npmjs.org/cross-spawn/-/cross-spawn-7.0.6.tgz 1065ms (cache miss)
1671 http fetch GET 200 https://registry.npmjs.org/find-up/-/find-up-5.0.0.tgz 1064ms (cache miss)
1672 http fetch GET 200 https://registry.npmjs.org/chalk/-/chalk-4.1.2.tgz 1065ms (cache miss)
1673 http fetch GET 200 https://registry.npmjs.org/js-yaml/-/js-yaml-4.1.1.tgz 1071ms (cache miss)
1674 http fetch GET 200 https://registry.npmjs.org/escape-string-regexp/-/escape-string-regexp-4.0.0.tgz 1118ms (cache miss)
1675 http fetch GET 200 https://registry.npmjs.org/natural-compare/-/natural-compare-1.4.0.tgz 1160ms (cache miss)
1676 http fetch GET 200 https://registry.npmjs.org/ajv/-/ajv-6.14.0.tgz 1156ms (cache miss)
1677 http fetch GET 200 https://registry.npmjs.org/file-entry-cache/-/file-entry-cache-8.0.0.tgz 1199ms (cache miss)
1678 http fetch GET 200 https://registry.npmjs.org/@eslint/object-schema/-/object-schema-2.1.7.tgz 1205ms (cache miss)
1679 http fetch GET 200 https://registry.npmjs.org/zod/-/zod-4.3.6.tgz 1265ms (cache miss)
1680 http fetch GET 200 https://registry.npmjs.org/update-browserslist-db/-/update-browserslist-db-1.2.3.tgz 1271ms (cache miss)
1681 http fetch GET 200 https://registry.npmjs.org/@types/estree/-/estree-1.0.8.tgz 1325ms (cache miss)
1682 http fetch GET 200 https://registry.npmjs.org/ms/-/ms-2.1.3.tgz 1337ms (cache miss)
1683 http fetch GET 200 https://registry.npmjs.org/node-releases/-/node-releases-2.0.36.tgz 1341ms (cache miss)
1684 http fetch GET 200 https://registry.npmjs.org/@humanwhocodes/retry/-/retry-0.4.3.tgz 1369ms (cache miss)
1685 http fetch GET 200 https://registry.npmjs.org/@eslint/config-helpers/-/config-helpers-0.4.2.tgz 1371ms (cache miss)
1686 http fetch GET 200 https://registry.npmjs.org/@eslint/plugin-kit/-/plugin-kit-0.4.1.tgz 1387ms (cache miss)
1687 http fetch GET 200 https://registry.npmjs.org/@eslint/eslintrc/-/eslintrc-3.3.4.tgz 1402ms (cache miss)
1688 http fetch GET 200 https://registry.npmjs.org/electron-to-chromium/-/electron-to-chromium-1.5.307.tgz 1400ms (cache miss)
1689 http fetch GET 200 https://registry.npmjs.org/@eslint-community/regexpp/-/regexpp-4.12.2.tgz 1522ms (cache miss)
1690 http fetch GET 200 https://registry.npmjs.org/@humanfs/core/-/core-0.19.1.tgz 1535ms (cache miss)
1691 http fetch GET 200 https://registry.npmjs.org/@eslint/core/-/core-0.17.0.tgz 1525ms (cache miss)
1692 http fetch GET 200 https://registry.npmjs.org/@eslint/config-array/-/config-array-0.21.1.tgz 1596ms (cache miss)
1693 http fetch GET 200 https://registry.npmjs.org/@humanwhocodes/module-importer/-/module-importer-1.0.1.tgz 1605ms (cache miss)
1694 http fetch GET 200 https://registry.npmjs.org/caniuse-lite/-/caniuse-lite-1.0.30001777.tgz 1608ms (cache miss)
1695 http fetch GET 200 https://registry.npmjs.org/@esbuild/darwin-arm64/-/darwin-arm64-0.27.3.tgz 1685ms (cache miss)
1696 http fetch GET 200 https://registry.npmjs.org/@types/babel__template/-/babel__template-7.4.4.tgz 1660ms (cache miss)
1697 http fetch GET 200 https://registry.npmjs.org/@humanfs/node/-/node-0.16.7.tgz 1675ms (cache miss)
1698 http fetch GET 200 https://registry.npmjs.org/browserslist/-/browserslist-4.28.1.tgz 1682ms (cache miss)
1699 http fetch GET 200 https://registry.npmjs.org/@babel/helper-string-parser/-/helper-string-parser-7.27.1.tgz 1695ms (cache miss)
1700 http fetch GET 200 https://registry.npmjs.org/@types/babel__traverse/-/babel__traverse-7.28.0.tgz 1705ms (cache miss)
1701 http fetch GET 200 https://registry.npmjs.org/baseline-browser-mapping/-/baseline-browser-mapping-2.10.0.tgz 1712ms (cache miss)
1702 http fetch GET 200 https://registry.npmjs.org/jsesc/-/jsesc-3.1.0.tgz 1709ms (cache miss)
1703 http fetch GET 200 https://registry.npmjs.org/@jridgewell/sourcemap-codec/-/sourcemap-codec-1.5.5.tgz 1714ms (cache miss)
1704 http fetch GET 200 https://registry.npmjs.org/picocolors/-/picocolors-1.1.1.tgz 1779ms (cache miss)
1705 http fetch GET 200 https://registry.npmjs.org/json5/-/json5-2.2.3.tgz 1778ms (cache miss)
1706 http fetch GET 200 https://registry.npmjs.org/@babel/helper-plugin-utils/-/helper-plugin-utils-7.28.6.tgz 1829ms (cache miss)
1707 http fetch GET 200 https://registry.npmjs.org/semver/-/semver-6.3.1.tgz 1809ms (cache miss)
1708 http fetch GET 200 https://registry.npmjs.org/@babel/helper-module-imports/-/helper-module-imports-7.28.6.tgz 1843ms (cache miss)
1709 http fetch GET 200 https://registry.npmjs.org/@jridgewell/resolve-uri/-/resolve-uri-3.1.2.tgz 1849ms (cache miss)
1710 http fetch GET 200 https://registry.npmjs.org/gensync/-/gensync-1.0.0-beta.2.tgz 1840ms (cache miss)
1711 http fetch GET 200 https://registry.npmjs.org/@babel/helper-globals/-/helper-globals-7.28.0.tgz 1895ms (cache miss)
1712 http fetch GET 200 https://registry.npmjs.org/debug/-/debug-4.4.3.tgz 1881ms (cache miss)
1713 http fetch GET 200 https://registry.npmjs.org/lru-cache/-/lru-cache-5.1.1.tgz 1951ms (cache miss)
1714 http fetch GET 200 https://registry.npmjs.org/@babel/compat-data/-/compat-data-7.29.0.tgz 1970ms (cache miss)
1715 http fetch GET 200 https://registry.npmjs.org/js-tokens/-/js-tokens-4.0.0.tgz 1963ms (cache miss)
1716 http fetch GET 200 https://registry.npmjs.org/@jridgewell/gen-mapping/-/gen-mapping-0.3.13.tgz 2008ms (cache miss)
1717 http fetch GET 200 https://registry.npmjs.org/@jridgewell/trace-mapping/-/trace-mapping-0.3.31.tgz 2019ms (cache miss)
1718 http fetch GET 200 https://registry.npmjs.org/convert-source-map/-/convert-source-map-2.0.0.tgz 2080ms (cache miss)
1719 http fetch GET 200 https://registry.npmjs.org/@eslint-community/eslint-utils/-/eslint-utils-4.9.1.tgz 2124ms (cache miss)
1720 http fetch GET 200 https://registry.npmjs.org/react-refresh/-/react-refresh-0.18.0.tgz 2143ms (cache miss)
1721 http fetch GET 200 https://registry.npmjs.org/@types/babel__generator/-/babel__generator-7.27.0.tgz 2182ms (cache miss)
1722 http fetch GET 200 https://registry.npmjs.org/@babel/types/-/types-7.29.0.tgz 2187ms (cache miss)
1723 http fetch GET 200 https://registry.npmjs.org/@babel/traverse/-/traverse-7.29.0.tgz 2204ms (cache miss)
1724 http fetch GET 200 https://registry.npmjs.org/@babel/helper-module-transforms/-/helper-module-transforms-7.28.6.tgz 2233ms (cache miss)
1725 http fetch GET 200 https://registry.npmjs.org/@babel/helper-compilation-targets/-/helper-compilation-targets-7.28.6.tgz 2252ms (cache miss)
1726 http fetch GET 200 https://registry.npmjs.org/@jridgewell/remapping/-/remapping-2.3.5.tgz 2266ms (cache miss)
1727 http fetch GET 200 https://registry.npmjs.org/@babel/helper-validator-identifier/-/helper-validator-identifier-7.28.5.tgz 2288ms (cache miss)
1728 http fetch GET 200 https://registry.npmjs.org/@babel/code-frame/-/code-frame-7.29.0.tgz 2281ms (cache miss)
1729 http fetch GET 200 https://registry.npmjs.org/@babel/template/-/template-7.28.6.tgz 2285ms (cache miss)
1730 http fetch GET 200 https://registry.npmjs.org/undici-types/-/undici-types-7.16.0.tgz 2286ms (cache miss)
1731 http fetch GET 200 https://registry.npmjs.org/@babel/generator/-/generator-7.29.1.tgz 2300ms (cache miss)
1732 http fetch GET 200 https://registry.npmjs.org/@babel/helper-validator-option/-/helper-validator-option-7.27.1.tgz 2349ms (cache miss)
1733 http fetch GET 200 https://registry.npmjs.org/csstype/-/csstype-3.2.3.tgz 2335ms (cache miss)
1734 http fetch GET 200 https://registry.npmjs.org/react/-/react-19.2.4.tgz 2334ms (cache miss)
1735 http fetch GET 200 https://registry.npmjs.org/eslint-plugin-react-refresh/-/eslint-plugin-react-refresh-0.4.26.tgz 2361ms (cache miss)
1736 http fetch GET 200 https://registry.npmjs.org/@rolldown/pluginutils/-/pluginutils-1.0.0-rc.3.tgz 2376ms (cache miss)
1737 http fetch GET 200 https://registry.npmjs.org/@babel/plugin-transform-react-jsx-source/-/plugin-transform-react-jsx-source-7.27.1.tgz 2530ms (cache miss)
1738 http fetch GET 200 https://registry.npmjs.org/typescript-eslint/-/typescript-eslint-8.56.1.tgz 2534ms (cache miss)
1739 http fetch GET 200 https://registry.npmjs.org/@types/babel__core/-/babel__core-7.20.5.tgz 2574ms (cache miss)
1740 http fetch GET 200 https://registry.npmjs.org/@babel/core/-/core-7.29.0.tgz 2605ms (cache miss)
1741 http fetch GET 200 https://registry.npmjs.org/eslint-plugin-react-hooks/-/eslint-plugin-react-hooks-7.0.1.tgz 2610ms (cache miss)
1742 http fetch GET 200 https://registry.npmjs.org/globals/-/globals-16.5.0.tgz 2612ms (cache miss)
1743 http fetch GET 200 https://registry.npmjs.org/brace-expansion/-/brace-expansion-5.0.4.tgz 2650ms (cache miss)
1744 http fetch GET 200 https://registry.npmjs.org/balanced-match/-/balanced-match-4.0.4.tgz 2694ms (cache miss)
1745 http fetch GET 200 https://registry.npmjs.org/ignore/-/ignore-7.0.5.tgz 2695ms (cache miss)
1746 http fetch GET 200 https://registry.npmjs.org/semver/-/semver-7.7.4.tgz 2713ms (cache miss)
1747 http fetch GET 200 https://registry.npmjs.org/minimatch/-/minimatch-10.2.4.tgz 2722ms (cache miss)
1748 http fetch GET 200 https://registry.npmjs.org/@babel/helpers/-/helpers-7.28.6.tgz 2738ms (cache miss)
1749 http fetch GET 200 https://registry.npmjs.org/eslint/-/eslint-9.39.3.tgz 2732ms (cache miss)
1750 http fetch GET 200 https://registry.npmjs.org/eslint-visitor-keys/-/eslint-visitor-keys-3.4.3.tgz 2738ms (cache miss)
1751 http fetch GET 200 https://registry.npmjs.org/eslint-visitor-keys/-/eslint-visitor-keys-5.0.1.tgz 2775ms (cache miss)
1752 http fetch GET 200 https://registry.npmjs.org/@types/react/-/react-19.2.14.tgz 2840ms (cache miss)
1753 http fetch GET 200 https://registry.npmjs.org/@eslint/js/-/js-9.39.3.tgz 2872ms (cache miss)
1754 http fetch GET 200 https://registry.npmjs.org/@types/node/-/node-24.12.0.tgz 2905ms (cache miss)
1755 http fetch GET 200 https://registry.npmjs.org/react-dom/-/react-dom-19.2.4.tgz 2938ms (cache miss)
1756 http fetch GET 200 https://registry.npmjs.org/globals/-/globals-14.0.0.tgz 2946ms (cache miss)
1757 http fetch GET 200 https://registry.npmjs.org/typescript/-/typescript-5.9.3.tgz 2989ms (cache miss)
1758 http fetch GET 200 https://registry.npmjs.org/@types/react-dom/-/react-dom-19.2.3.tgz 3101ms (cache miss)
1759 http fetch GET 200 https://registry.npmjs.org/@vitejs/plugin-react/-/plugin-react-5.1.4.tgz 3145ms (cache miss)
1760 http fetch GET 200 https://registry.npmjs.org/@babel/plugin-transform-react-jsx-self/-/plugin-transform-react-jsx-self-7.27.1.tgz 3154ms (cache miss)
1761 http fetch GET 200 https://registry.npmjs.org/@babel/parser/-/parser-7.29.0.tgz 3464ms (cache miss)
1762 http fetch GET 200 https://registry.npmjs.org/vite/-/vite-7.3.1.tgz 3754ms (cache miss)
1763 info run fsevents@2.3.3 install node_modules/fsevents node-gyp rebuild
1764 info run fsevents@2.3.3 install { code: 1, signal: null }
1765 verbose reify failed optional dependency /Users/emmanuellegrottaglie/whatsapp-hours-saas/web/node_modules/fsevents
1766 silly reify mark deleted [
1766 silly reify   '/Users/emmanuellegrottaglie/whatsapp-hours-saas/web/node_modules/fsevents'
1766 silly reify ]
1767 info run esbuild@0.27.3 postinstall node_modules/esbuild node install.js
1768 info run esbuild@0.27.3 postinstall { code: 0, signal: null }
1769 silly ADD node_modules/isexe
1770 silly ADD
1771 silly ADD
1772 silly ADD
1773 silly ADD
1774 silly ADD
1775 silly ADD
1776 silly ADD
1777 silly ADD
1778 silly ADD
1779 silly ADD
1780 silly ADD
1781 silly ADD
1782 silly ADD
1783 silly ADD
1784 silly ADD
1785 silly ADD
1786 silly ADD
1787 silly ADD
1788 silly ADD
1789 silly ADD
1790 silly ADD
1791 silly ADD
1792 silly ADD node_modules/@rollup/rollup-darwin-arm64
1793 silly ADD
1794 silly ADD
1795 silly ADD node_modules/source-map-js
1796 silly ADD node_modules/nanoid
1797 silly ADD
1798 silly ADD
1799 silly ADD
1800 silly ADD
1801 silly ADD
1802 silly ADD
1803 silly ADD
1804 silly ADD
1805 silly ADD
1806 silly ADD
1807 silly ADD
1808 silly ADD
1809 silly ADD
1810 silly ADD
1811 silly ADD
1812 silly ADD
1813 silly ADD
1814 silly ADD
1815 silly ADD
1816 silly ADD
1817 silly ADD
1818 silly ADD node_modules/@esbuild/darwin-arm64
1819 silly ADD
1820 silly ADD
1821 silly ADD
1822 silly ADD
1823 silly ADD node_modules/rollup
1824 silly ADD node_modules/postcss
1825 silly ADD
1826 silly ADD node_modules/esbuild
1827 silly ADD node_modules/punycode
1828 silly ADD node_modules/escalade
1829 silly ADD node_modules/picomatch
1830 silly ADD node_modules/fdir
1831 silly ADD node_modules/tinyglobby
1832 silly ADD node_modules/@typescript-eslint/tsconfig-utils
1833 silly ADD node_modules/@typescript-eslint/project-service
1834 silly ADD node_modules/@typescript-eslint/types
1835 silly ADD node_modules/ts-api-utils
1836 silly ADD node_modules/@typescript-eslint/visitor-keys
1837 silly ADD node_modules/@typescript-eslint/visitor-keys/node_modules/eslint-visitor-keys
1838 silly ADD node_modules/@typescript-eslint/type-utils
1839 silly ADD node_modules/@typescript-eslint/scope-manager
1840 silly ADD node_modules/@typescript-eslint/utils
1841 silly ADD node_modules/@typescript-eslint/typescript-estree
1842 silly ADD node_modules/@typescript-eslint/typescript-estree/node_modules/balanced-match
1843 silly ADD node_modules/@typescript-eslint/typescript-estree/node_modules/brace-expansion
1844 silly ADD node_modules/@typescript-eslint/typescript-estree/node_modules/semver
1845 silly ADD node_modules/@typescript-eslint/typescript-estree/node_modules/minimatch
1846 silly ADD node_modules/@typescript-eslint/parser
1847 silly ADD node_modules/@typescript-eslint/eslint-plugin
1848 silly ADD node_modules/@typescript-eslint/eslint-plugin/node_modules/ignore
1849 silly ADD node_modules/has-flag
1850 silly ADD node_modules/shebang-regex
1851 silly ADD node_modules/scheduler
1852 silly ADD node_modules/callsites
1853 silly ADD node_modules/yocto-queue
1854 silly ADD node_modules/p-limit
1855 silly ADD node_modules/word-wrap
1856 silly ADD node_modules/fast-levenshtein
1857 silly ADD node_modules/deep-is
1858 silly ADD node_modules/concat-map
1859 silly ADD node_modules/balanced-match
1860 silly ADD node_modules/brace-expansion
1861 silly ADD node_modules/yallist
1862 silly ADD node_modules/p-locate
1863 silly ADD node_modules/type-check
1864 silly ADD node_modules/prelude-ls
1865 silly ADD node_modules/json-buffer
1866 silly ADD node_modules/argparse
1867 silly ADD node_modules/is-extglob
1868 silly ADD node_modules/resolve-from
1869 silly ADD node_modules/parent-module
1870 silly ADD node_modules/hermes-estree
1871 silly ADD node_modules/keyv
1872 silly ADD node_modules/flatted
1873 silly ADD node_modules/path-exists
1874 silly ADD node_modules/locate-path
1875 silly ADD node_modules/flat-cache
1876 silly ADD node_modules/acorn-jsx
1877 silly ADD node_modules/acorn
1878 silly ADD node_modules/estraverse
1879 silly ADD node_modules/esrecurse
1880 silly ADD node_modules/zod-validation-error
1881 silly ADD node_modules/zod
1882 silly ADD node_modules/hermes-parser
1883 silly ADD node_modules/which
1884 silly ADD node_modules/shebang-command
1885 silly ADD node_modules/path-key
1886 silly ADD node_modules/color-name
1887 silly ADD node_modules/color-convert
1888 silly ADD node_modules/supports-color
1889 silly ADD node_modules/ansi-styles
1890 silly ADD node_modules/uri-js
1891 silly ADD node_modules/json-schema-traverse
1892 silly ADD node_modules/fast-json-stable-stringify
1893 silly ADD node_modules/@humanfs/core
1894 silly ADD node_modules/levn
1895 silly ADD node_modules/strip-json-comments
1896 silly ADD node_modules/js-yaml
1897 silly ADD node_modules/import-fresh
1898 silly ADD node_modules/@types/json-schema
1899 silly ADD node_modules/@eslint/object-schema
1900 silly ADD node_modules/optionator
1901 silly ADD node_modules/natural-compare
1902 silly ADD node_modules/minimatch
1903 silly ADD node_modules/lodash.merge
1904 silly ADD node_modules/json-stable-stringify-without-jsonify
1905 silly ADD node_modules/is-glob
1906 silly ADD node_modules/imurmurhash
1907 silly ADD node_modules/ignore
1908 silly ADD node_modules/glob-parent
1909 silly ADD node_modules/find-up
1910 silly ADD node_modules/file-entry-cache
1911 silly ADD node_modules/fast-deep-equal
1912 silly ADD node_modules/esutils
1913 silly ADD node_modules/esquery
1914 silly ADD node_modules/espree
1915 silly ADD node_modules/eslint-visitor-keys
1916 silly ADD node_modules/eslint-scope
1917 silly ADD node_modules/escape-string-regexp
1918 silly ADD node_modules/cross-spawn
1919 silly ADD node_modules/chalk
1920 silly ADD node_modules/ajv
1921 silly ADD node_modules/@types/estree
1922 silly ADD node_modules/@humanwhocodes/retry
1923 silly ADD node_modules/@humanwhocodes/module-importer
1924 silly ADD node_modules/@humanfs/node
1925 silly ADD node_modules/@eslint/plugin-kit
1926 silly ADD node_modules/@eslint/eslintrc
1927 silly ADD node_modules/@eslint/eslintrc/node_modules/globals
1928 silly ADD node_modules/@eslint/core
1929 silly ADD node_modules/@eslint/config-helpers
1930 silly ADD node_modules/@eslint/config-array
1931 silly ADD node_modules/@eslint-community/regexpp
1932 silly ADD node_modules/@eslint-community/eslint-utils
1933 silly ADD node_modules/@eslint-community/eslint-utils/node_modules/eslint-visitor-keys
1934 silly ADD node_modules/ms
1935 silly ADD node_modules/update-browserslist-db
1936 silly ADD node_modules/node-releases
1937 silly ADD node_modules/electron-to-chromium
1938 silly ADD node_modules/caniuse-lite
1939 silly ADD node_modules/baseline-browser-mapping
1940 silly ADD node_modules/@types/babel__traverse
1941 silly ADD node_modules/@types/babel__template
1942 silly ADD node_modules/@types/babel__generator
1943 silly ADD node_modules/@jridgewell/resolve-uri
1944 silly ADD node_modules/@jridgewell/sourcemap-codec
1945 silly ADD node_modules/@babel/helper-string-parser
1946 silly ADD node_modules/@babel/helper-globals
1947 silly ADD node_modules/@babel/helper-plugin-utils
1948 silly ADD node_modules/@babel/helper-module-imports
1949 silly ADD node_modules/lru-cache
1950 silly ADD node_modules/browserslist
1951 silly ADD node_modules/@babel/helper-validator-option
1952 silly ADD node_modules/@babel/compat-data
1953 silly ADD node_modules/jsesc
1954 silly ADD node_modules/@jridgewell/trace-mapping
1955 silly ADD node_modules/@jridgewell/gen-mapping
1956 silly ADD node_modules/picocolors
1957 silly ADD node_modules/js-tokens
1958 silly ADD node_modules/@babel/helper-validator-identifier
1959 silly ADD node_modules/semver
1960 silly ADD node_modules/json5
1961 silly ADD node_modules/gensync
1962 silly ADD node_modules/debug
1963 silly ADD node_modules/convert-source-map
1964 silly ADD node_modules/@jridgewell/remapping
1965 silly ADD node_modules/@babel/types
1966 silly ADD node_modules/@babel/traverse
1967 silly ADD node_modules/@babel/template
1968 silly ADD node_modules/@babel/parser
1969 silly ADD node_modules/@babel/helpers
1970 silly ADD node_modules/@babel/helper-module-transforms
1971 silly ADD node_modules/@babel/helper-compilation-targets
1972 silly ADD node_modules/@babel/generator
1973 silly ADD node_modules/@babel/code-frame
1974 silly ADD node_modules/react-refresh
1975 silly ADD node_modules/@types/babel__core
1976 silly ADD node_modules/@rolldown/pluginutils
1977 silly ADD node_modules/@babel/plugin-transform-react-jsx-source
1978 silly ADD node_modules/@babel/plugin-transform-react-jsx-self
1979 silly ADD node_modules/@babel/core
1980 silly ADD node_modules/csstype
1981 silly ADD node_modules/undici-types
1982 silly ADD node_modules/typescript-eslint
1983 silly ADD node_modules/typescript
1984 silly ADD node_modules/react-dom
1985 silly ADD node_modules/react
1986 silly ADD node_modules/globals
1987 silly ADD node_modules/eslint-plugin-react-refresh
1988 silly ADD node_modules/eslint-plugin-react-hooks
1989 silly ADD node_modules/eslint
1990 silly ADD node_modules/vite
1991 silly ADD node_modules/@vitejs/plugin-react
1992 silly ADD node_modules/@types/react-dom
1993 silly ADD node_modules/@types/react
1994 silly ADD node_modules/@types/node
1995 silly ADD node_modules/@eslint/js
1996 verbose cwd /Users/emmanuellegrottaglie/whatsapp-hours-saas/web
1997 verbose os Darwin 25.3.0
1998 verbose node v20.20.0
1999 verbose npm  v10.8.2
2000 verbose exit 0
2001 info ok
